Step,Queue_West_East,Queue_North_South,Queue_SD,Arrival_West_East,Arrival_North_South,Throughput_Step,Avg_Waiting_Time_West_East,Avg_Waiting_Time_North_South
1,0,0,0.0,1,1,0,0.0,0.0
2,0,0,0.0,0,0,0,0.0,0.0
3,0,0,0.0,1,0,0,0.0,0.0
4,0,0,0.0,0,0,0,0.0,0.0
5,0,0,0.0,1,0,0,0.0,0.0
6,0,2,1.0,0,1,0,0.0,0.5
7,0,1,0.5,1,0,0,0.0,1.0
8,0,1,0.5,0,0,0,0.0,1.5
9,0,1,0.5,1,0,0,0.0,2.0
10,0,1,0.5,0,0,1,0.0,2.5
11,0,1,0.5,1,1,0,0.0,2.0
12,0,1,0.5,0,0,1,0.0,2.33
13,0,1,0.5,1,0,0,0.0,2.67
14,0,2,1.0,0,0,1,0.0,3.33
15,0,2,1.0,1,0,0,0.0,4.0
16,0,2,1.0,0,1,1,0.0,3.5
17,0,2,1.0,1,0,0,0.0,4.0
18,0,3,1.5,0,0,1,0.0,4.75
19,0,3,1.5,1,0,0,0.0,5.5
20,0,3,1.5,0,0,0,0.0,6.25
21,0,4,2.0,1,1,1,0.0,5.6
22,0,4,2.0,0,0,0,0.0,6.4
23,0,4,2.0,1,0,1,0.0,7.2
24,0,4,2.0,0,0,0,0.0,8.0
25,0,5,2.5,1,0,1,0.0,9.0
26,0,5,2.5,0,0,0,0.0,10.0
27,0,5,2.5,1,0,1,0.0,11.0
28,0,5,2.5,0,0,1,0.0,12.0
29,0,5,2.5,1,0,0,0.0,13.0
30,0,5,2.5,0,0,1,0.0,14.0
31,0,5,2.5,1,0,0,0.0,15.0
32,0,5,2.5,0,0,0,0.0,16.0
33,0,5,2.5,1,0,1,0.0,17.0
34,0,5,2.5,0,0,0,0.0,18.0
35,0,5,2.5,1,0,0,0.0,19.0
36,0,5,2.5,0,0,1,0.0,20.0
37,0,5,2.5,1,0,0,0.0,21.0
38,0,5,2.5,0,0,1,0.0,22.0
39,0,5,2.5,1,0,1,0.0,23.0
40,0,5,2.5,0,0,0,0.0,24.0
41,0,5,2.5,1,0,1,0.0,25.0
42,0,5,2.5,0,0,0,0.0,26.0
43,0,5,2.5,1,0,1,0.0,27.0
44,0,5,2.5,1,0,0,0.0,28.0
45,0,5,2.5,0,0,1,0.0,29.0
46,0,4,2.0,1,0,0,0.0,27.25
47,1,3,1.0,0,0,0,0.2,19.75
48,1,2,0.5,1,0,1,0.33,12.75
49,1,1,0.0,0,0,0,0.5,8.33
50,2,0,1.0,0,0,0,0.83,0.0
51,2,0,1.0,0,0,0,1.17,0.0
52,3,0,1.5,1,0,1,1.43,0.0
53,4,0,2.0,0,1,0,2.0,0.0
54,4,0,2.0,0,0,1,2.57,0.0
55,5,0,2.5,0,0,0,3.29,0.0
56,6,0,3.0,0,1,1,4.14,0.0
57,6,0,3.0,0,0,0,5.0,0.0
58,7,0,3.5,0,1,1,6.0,0.0
59,7,0,3.5,0,0,0,7.0,0.0
60,7,0,3.5,0,1,1,8.0,0.0
61,7,0,3.5,0,0,1,9.0,0.0
62,7,0,3.5,0,1,0,10.0,0.0
63,7,0,3.5,0,0,0,11.0,0.0
64,7,0,3.5,0,1,1,12.0,0.0
65,7,0,3.5,0,0,0,13.0,0.0
66,7,0,3.5,0,1,1,14.0,0.0
67,7,0,3.5,0,0,1,15.0,0.0
68,7,0,3.5,0,1,0,16.0,0.0
69,7,0,3.5,0,0,1,17.0,0.0
70,7,0,3.5,0,1,0,18.0,0.0
71,7,0,3.5,0,0,1,19.0,0.0
72,7,0,3.5,0,1,0,20.0,0.0
73,7,0,3.5,0,0,1,21.0,0.0
74,7,0,3.5,0,0,0,22.0,0.0
75,7,0,3.5,0,0,0,23.0,0.0
76,7,0,3.5,0,1,1,24.0,0.0
77,7,0,3.5,0,0,0,25.0,0.0
78,7,0,3.5,0,0,1,26.0,0.0
79,6,0,3.0,0,0,1,26.0,0.0
80,5,0,2.5,0,0,0,21.83,0.0
81,4,2,1.0,0,1,0,17.67,0.5
82,3,1,1.0,0,0,0,16.0,1.0
83,2,1,0.5,0,0,0,10.8,1.5
84,1,1,0.0,0,0,0,6.75,2.0
85,0,1,0.5,0,0,0,0.0,2.5
86,0,1,0.5,0,1,0,0.0,2.0
87,0,1,0.5,0,0,1,0.0,2.33
88,0,2,1.0,0,0,0,0.0,3.0
89,0,2,1.0,1,0,1,0.0,3.67
90,0,2,1.0,0,0,1,0.0,4.33
91,0,4,2.0,1,1,0,0.0,4.0
92,0,3,1.5,0,0,1,0.0,4.75
93,0,3,1.5,0,0,0,0.0,5.5
94,0,3,1.5,1,0,1,0.0,6.25
95,0,3,1.5,0,0,0,0.0,7.0
96,0,5,2.5,1,1,1,0.0,6.4
97,0,4,2.0,0,0,1,0.0,7.2
98,0,4,2.0,1,0,0,0.0,8.0
99,0,5,2.5,0,0,1,0.0,9.0
100,0,5,2.5,1,0,0,0.0,10.0
101,0,5,2.5,0,0,1,0.0,11.0
102,0,5,2.5,1,0,0,0.0,12.0
103,0,5,2.5,0,0,1,0.0,13.0
104,0,5,2.5,1,0,0,0.0,14.0
105,0,5,2.5,0,0,0,0.0,15.0
106,0,5,2.5,1,0,1,0.0,16.0
107,0,5,2.5,0,0,0,0.0,17.0
108,0,5,2.5,1,0,1,0.0,18.0
109,0,5,2.5,0,0,1,0.0,19.0
110,0,5,2.5,1,0,0,0.0,20.0
111,0,5,2.5,1,0,1,0.0,21.0
112,0,4,2.0,0,0,0,0.0,19.5
113,1,3,1.0,1,0,1,0.2,14.0
114,1,2,0.5,0,0,0,0.4,8.75
115,1,1,0.0,1,0,0,0.5,4.25
116,2,0,1.0,0,0,0,0.83,0.0
117,3,0,1.5,0,0,0,1.33,0.0
118,3,0,1.5,1,0,1,1.57,0.0
119,3,0,1.5,0,0,0,2.0,0.0
120,5,0,2.5,0,1,0,2.71,0.0
121,5,0,2.5,0,0,1,3.43,0.0
122,6,0,3.0,0,1,0,4.29,0.0
123,6,0,3.0,0,0,1,5.14,0.0
124,7,0,3.5,0,1,1,6.14,0.0
125,7,0,3.5,0,0,0,7.14,0.0
126,7,0,3.5,0,1,1,8.14,0.0
127,7,0,3.5,0,0,0,9.14,0.0
128,7,0,3.5,0,1,1,10.14,0.0
129,7,0,3.5,0,0,0,11.14,0.0
130,7,0,3.5,0,1,1,12.14,0.0
131,7,0,3.5,0,0,0,13.14,0.0
132,7,0,3.5,0,1,1,14.14,0.0
133,7,0,3.5,0,0,0,15.14,0.0
134,7,0,3.5,0,0,1,16.14,0.0
135,7,0,3.5,0,0,0,17.14,0.0
136,7,0,3.5,0,1,1,18.14,0.0
137,7,0,3.5,0,0,1,19.14,0.0
138,7,0,3.5,0,0,0,20.14,0.0
139,7,0,3.5,0,0,1,21.14,0.0
140,7,0,3.5,0,0,0,22.14,0.0
141,7,0,3.5,0,1,0,23.14,0.0
142,7,0,3.5,0,0,0,24.14,0.0
143,7,0,3.5,0,0,1,25.14,0.0
144,7,0,3.5,0,0,0,26.14,0.0
145,6,0,3.0,0,0,0,26.17,0.0
146,5,0,2.5,0,1,0,22.0,0.0
147,4,0,2.0,0,0,0,17.67,0.0
148,3,1,1.0,0,0,0,16.2,0.5
149,2,1,0.5,0,0,0,10.8,1.0
150,1,1,0.0,0,0,0,5.4,1.5
151,0,1,0.5,0,1,0,0.0,1.33
152,0,1,0.5,0,0,1,0.0,1.67
153,0,2,1.0,0,0,0,0.0,2.33
154,0,2,1.0,0,0,0,0.0,3.0
155,0,2,1.0,0,0,0,0.0,3.67
156,0,2,1.0,1,1,1,0.0,3.25
157,0,2,1.0,0,0,0,0.0,3.75
158,0,2,1.0,0,0,1,0.0,4.25
159,0,3,1.5,1,0,0,0.0,5.0
160,0,3,1.5,0,0,1,0.0,5.75
161,0,4,2.0,1,1,0,0.0,5.2
162,0,3,1.5,0,0,1,0.0,5.8
163,0,4,2.0,1,0,1,0.0,6.6
164,0,5,2.5,0,0,0,0.0,7.6
165,0,5,2.5,1,0,1,0.0,8.6
166,0,5,2.5,0,0,0,0.0,9.6
167,0,5,2.5,1,0,1,0.0,10.6
168,0,5,2.5,0,0,0,0.0,11.6
169,0,5,2.5,1,0,1,0.0,12.6
170,0,5,2.5,0,0,0,0.0,13.6
171,0,5,2.5,1,0,1,0.0,14.6
172,0,5,2.5,0,0,0,0.0,15.6
173,0,5,2.5,1,0,1,0.0,16.6
174,0,5,2.5,0,0,1,0.0,17.6
175,0,5,2.5,1,0,0,0.0,18.6
176,0,5,2.5,0,0,1,0.0,19.6
177,0,5,2.5,1,0,0,0.0,20.6
178,0,4,2.0,1,0,1,0.0,19.25
179,1,3,1.0,0,0,0,0.25,13.5
180,1,2,0.5,1,0,0,0.4,8.75
181,1,1,0.0,0,0,1,0.6,6.0
182,1,0,0.5,1,0,0,0.67,0.0
183,2,0,1.0,0,0,0,1.0,0.0
184,3,0,1.5,0,0,1,1.5,0.0
185,3,0,1.5,0,0,0,2.0,0.0
186,5,0,2.5,1,1,1,2.43,0.0
187,5,0,2.5,0,0,0,3.14,0.0
188,6,0,3.0,0,1,1,4.0,0.0
189,6,0,3.0,0,0,0,4.86,0.0
190,7,0,3.5,0,1,1,5.86,0.0
191,7,0,3.5,0,0,0,6.86,0.0
192,7,0,3.5,0,1,1,7.86,0.0
193,7,0,3.5,0,0,0,8.86,0.0
194,7,0,3.5,0,1,1,9.86,0.0
195,7,0,3.5,0,0,1,10.86,0.0
196,7,0,3.5,0,1,0,11.86,0.0
197,7,0,3.5,0,0,1,12.86,0.0
198,7,0,3.5,0,1,0,13.86,0.0
199,7,0,3.5,0,0,1,14.86,0.0
200,7,0,3.5,0,0,0,15.86,0.0
201,7,0,3.5,0,1,1,16.86,0.0
202,7,0,3.5,0,0,0,17.86,0.0
203,7,0,3.5,0,0,1,18.86,0.0
204,7,0,3.5,0,0,0,19.86,0.0
205,7,0,3.5,0,0,1,20.86,0.0
206,7,0,3.5,0,1,0,21.86,0.0
207,7,0,3.5,0,0,0,22.86,0.0
208,7,0,3.5,0,0,1,23.86,0.0
209,7,0,3.5,0,0,0,24.86,0.0
210,7,0,3.5,0,0,0,25.86,0.0
211,6,0,3.0,0,1,0,25.83,0.0
212,5,1,2.0,0,0,0,21.83,0.5
213,4,1,1.5,0,0,0,17.67,1.0
214,3,1,1.0,0,0,0,16.2,1.5
215,2,1,0.5,0,0,0,10.8,2.0
216,1,1,0.0,0,1,0,5.4,1.67
217,0,1,0.5,0,0,0,0.0,2.0
218,0,2,1.0,0,0,0,0.0,2.67
219,0,2,1.0,0,0,1,0.0,3.33
220,0,2,1.0,0,0,0,0.0,4.0
221,0,2,1.0,1,1,1,0.0,3.5
222,0,3,1.5,0,0,0,0.0,4.25
223,0,3,1.5,0,0,1,0.0,5.0
224,0,3,1.5,1,0,0,0.0,5.75
225,0,4,2.0,0,0,1,0.0,6.75
226,0,5,2.5,1,1,1,0.0,6.2
227,0,4,2.0,0,0,0,0.0,7.0
228,0,4,2.0,1,0,1,0.0,7.8
229,0,4,2.0,0,0,0,0.0,8.6
230,0,5,2.5,1,0,0,0.0,9.6
231,0,5,2.5,0,0,1,0.0,10.6
232,0,5,2.5,1,0,1,0.0,11.6
233,0,5,2.5,0,0,0,0.0,12.6
234,0,5,2.5,1,0,1,0.0,13.6
235,0,5,2.5,0,0,0,0.0,14.6
236,0,5,2.5,1,0,1,0.0,15.6
237,0,5,2.5,0,0,1,0.0,16.6
238,0,5,2.5,1,0,0,0.0,17.6
239,0,5,2.5,0,0,1,0.0,18.6
240,0,5,2.5,1,0,0,0.0,19.6
241,0,5,2.5,0,0,1,0.0,20.6
242,0,5,2.5,1,0,0,0.0,21.6
243,0,5,2.5,1,0,0,0.0,22.6
244,0,4,2.0,0,0,1,0.0,21.25
245,0,3,1.5,1,0,1,0.0,15.25
246,1,2,0.5,0,0,0,0.2,9.75
247,1,1,0.0,1,0,0,0.33,4.5
248,2,0,1.0,0,0,0,0.67,0.0
249,3,0,1.5,0,0,0,1.17,0.0
250,3,0,1.5,1,0,0,1.43,0.0
251,4,0,2.0,0,0,1,2.0,0.0
252,4,0,2.0,0,1,0,2.57,0.0
253,5,0,2.5,0,0,1,3.29,0.0
254,6,0,3.0,0,0,0,4.14,0.0
255,6,0,3.0,0,1,1,5.0,0.0
256,7,0,3.5,0,0,0,6.0,0.0
257,7,0,3.5,0,1,1,7.0,0.0
258,7,0,3.5,0,0,0,8.0,0.0
259,7,0,3.5,0,1,1,9.0,0.0
260,7,0,3.5,0,0,0,10.0,0.0
261,7,0,3.5,0,1,1,11.0,0.0
262,7,0,3.5,0,0,1,12.0,0.0
263,7,0,3.5,0,1,0,13.0,0.0
264,7,0,3.5,0,0,1,14.0,0.0
265,7,0,3.5,0,1,0,15.0,0.0
266,7,0,3.5,0,0,0,16.0,0.0
267,7,0,3.5,0,1,1,17.0,0.0
268,7,0,3.5,0,0,0,18.0,0.0
269,7,0,3.5,0,0,1,19.0,0.0
270,7,0,3.5,0,0,0,20.0,0.0
271,7,0,3.5,0,1,1,21.0,0.0
272,7,0,3.5,0,0,1,22.0,0.0
273,7,0,3.5,0,0,0,23.0,0.0
274,7,0,3.5,0,0,1,24.0,0.0
275,7,0,3.5,0,0,0,25.0,0.0
276,7,0,3.5,0,1,0,26.0,0.0
277,6,0,3.0,0,0,0,26.17,0.0
278,5,0,2.5,0,0,1,22.0,0.0
279,4,0,2.0,0,0,0,17.67,0.0
280,3,0,1.5,0,0,0,16.0,0.0
281,2,2,0.0,0,1,0,10.8,0.5
282,1,1,0.0,0,0,0,5.4,1.0
283,0,1,0.5,0,0,0,0.0,1.5
284,0,1,0.5,0,0,0,0.0,2.0
285,0,1,0.5,0,0,1,0.0,2.5
286,0,1,0.5,0,1,0,0.0,2.0
287,0,1,0.5,1,0,1,0.0,2.33
288,0,2,1.0,0,0,0,0.0,3.0
289,0,2,1.0,0,0,1,0.0,3.67
290,0,2,1.0,1,0,0,0.0,4.33
291,0,2,1.0,0,1,1,0.0,3.75
292,0,3,1.5,1,0,0,0.0,4.5
293,0,3,1.5,0,0,1,0.0,5.25
294,0,3,1.5,1,0,0,0.0,6.0
295,0,3,1.5,0,0,1,0.0,6.75
296,0,4,2.0,1,1,1,0.0,6.0
297,0,4,2.0,0,0,0,0.0,6.8
298,0,4,2.0,1,0,1,0.0,7.6
299,0,5,2.5,0,0,0,0.0,8.6
300,0,5,2.5,1,0,1,0.0,9.6
301,0,5,2.5,0,0,0,0.0,10.6
302,0,5,2.5,1,0,1,0.0,11.6
303,0,5,2.5,0,0,1,0.0,12.6
304,0,5,2.5,1,0,0,0.0,13.6
305,0,5,2.5,0,0,1,0.0,14.6
306,0,5,2.5,1,0,0,0.0,15.6
307,0,5,2.5,0,0,0,0.0,16.6
308,0,5,2.5,1,0,1,0.0,17.6
309,0,5,2.5,1,0,0,0.0,18.6
310,0,4,2.0,0,0,1,0.0,17.0
311,1,3,1.0,1,0,0,0.2,12.0
312,1,2,0.5,0,0,1,0.4,7.5
313,2,1,0.5,1,0,0,0.67,5.0
314,2,0,1.0,0,0,0,1.0,0.0
315,3,0,1.5,0,0,0,1.5,0.0
316,4,0,2.0,1,0,0,1.86,0.0
317,3,0,1.5,0,0,1,2.14,0.0
318,5,0,2.5,0,1,1,2.86,0.0
319,5,0,2.5,0,0,0,3.57,0.0
320,6,0,3.0,0,1,1,4.43,0.0
321,6,0,3.0,0,0,0,5.29,0.0
322,7,0,3.5,0,1,0,6.29,0.0
323,7,0,3.5,0,0,1,7.29,0.0
324,7,0,3.5,0,1,0,8.29,0.0
325,7,0,3.5,0,0,1,9.29,0.0
326,7,0,3.5,0,1,0,10.29,0.0
327,7,0,3.5,0,0,1,11.29,0.0
328,7,0,3.5,0,1,1,12.29,0.0
329,7,0,3.5,0,0,0,13.29,0.0
330,7,0,3.5,0,0,1,14.29,0.0
331,7,0,3.5,0,1,0,15.29,0.0
332,7,0,3.5,0,0,1,16.29,0.0
333,7,0,3.5,0,0,1,17.29,0.0
334,7,0,3.5,0,0,0,18.29,0.0
335,7,0,3.5,0,0,1,19.29,0.0
336,7,0,3.5,0,1,0,20.29,0.0
337,7,0,3.5,0,0,0,21.29,0.0
338,7,0,3.5,0,0,1,22.29,0.0
339,7,0,3.5,0,0,0,23.29,0.0
340,7,0,3.5,0,0,0,24.29,0.0
341,7,0,3.5,0,1,0,25.29,0.0
342,7,0,3.5,0,0,0,26.29,0.0
343,6,0,3.0,0,0,1,26.33,0.0
344,5,0,2.5,0,0,0,22.0,0.0
345,4,0,2.0,0,0,0,17.67,0.0
346,3,2,0.5,0,1,0,13.5,0.5
347,2,1,0.5,0,0,0,10.8,1.0
348,1,1,0.0,0,0,0,5.4,1.5
349,0,1,0.5,0,0,0,0.0,2.0
350,0,1,0.5,0,0,0,0.0,2.5
351,0,1,0.5,0,1,1,0.0,2.0
352,0,1,0.5,0,0,0,0.0,2.33
353,0,2,1.0,0,0,1,0.0,3.0
354,0,2,1.0,1,0,0,0.0,3.67
355,0,2,1.0,0,0,1,0.0,4.33
356,0,4,2.0,0,1,0,0.0,4.0
357,0,3,1.5,1,0,1,0.0,4.75
358,0,3,1.5,0,0,0,0.0,5.5
359,0,3,1.5,1,0,1,0.0,6.25
360,0,3,1.5,0,0,0,0.0,7.0
361,0,5,2.5,1,1,1,0.0,6.4
362,0,4,2.0,0,0,0,0.0,7.2
363,0,4,2.0,1,0,1,0.0,8.0
364,0,4,2.0,0,0,0,0.0,8.8
365,0,5,2.5,1,0,1,0.0,9.8
366,0,5,2.5,0,0,1,0.0,10.8
367,0,5,2.5,1,0,0,0.0,11.8
368,0,5,2.5,0,0,1,0.0,12.8
369,0,5,2.5,1,0,0,0.0,13.8
370,0,5,2.5,0,0,1,0.0,14.8
371,0,5,2.5,1,0,0,0.0,15.8
372,0,5,2.5,0,0,0,0.0,16.8
373,0,5,2.5,1,0,1,0.0,17.8
374,0,5,2.5,0,0,0,0.0,18.8
375,0,5,2.5,1,0,1,0.0,19.8
376,0,4,2.0,1,0,0,0.0,18.25
377,0,3,1.5,0,0,1,0.0,13.0
378,0,2,1.0,1,0,1,0.0,8.0
379,1,1,0.0,0,0,0,0.2,5.0
380,2,0,1.0,1,0,0,0.5,0.0
381,2,0,1.0,0,0,0,0.83,0.0
382,2,0,1.0,0,0,1,1.17,0.0
383,3,0,1.5,1,1,0,1.43,0.0
384,4,0,2.0,0,0,1,2.0,0.0
385,4,0,2.0,0,0,0,2.57,0.0
386,4,0,2.0,0,1,1,3.14,0.0
387,5,0,2.5,0,0,0,3.86,0.0
388,6,0,3.0,0,1,1,4.71,0.0
389,6,0,3.0,0,0,0,5.57,0.0
390,7,0,3.5,0,1,1,6.57,0.0
391,7,0,3.5,0,0,1,7.57,0.0
392,7,0,3.5,0,1,0,8.57,0.0
393,7,0,3.5,0,0,1,9.57,0.0
394,7,0,3.5,0,1,0,10.57,0.0
395,7,0,3.5,0,0,1,11.57,0.0
396,7,0,3.5,0,1,0,12.57,0.0
397,7,0,3.5,0,0,1,13.57,0.0
398,7,0,3.5,0,0,0,14.57,0.0
399,7,0,3.5,0,0,1,15.57,0.0
400,7,0,3.5,0,0,0,16.57,0.0
401,7,0,3.5,0,1,1,17.57,0.0
402,7,0,3.5,0,0,0,18.57,0.0
403,7,0,3.5,0,0,1,19.57,0.0
404,7,0,3.5,0,0,0,20.57,0.0
405,7,0,3.5,0,0,0,21.57,0.0
406,7,0,3.5,0,1,0,22.57,0.0
407,7,0,3.5,0,0,0,23.57,0.0
408,7,0,3.5,0,0,0,24.57,0.0
409,6,0,3.0,0,0,1,24.67,0.0
410,5,0,2.5,0,0,0,20.5,0.0
411,4,0,2.0,0,1,0,16.5,0.0
412,3,1,1.0,0,0,0,14.8,0.5
413,2,1,0.5,0,0,0,10.0,1.0
414,1,1,0.0,0,0,0,6.25,1.5
415,0,1,0.5,0,0,0,0.0,2.0
416,0,1,0.5,0,1,0,0.0,1.67
417,0,2,1.0,0,0,1,0.0,2.33
418,0,2,1.0,0,0,0,0.0,3.0
419,0,2,1.0,1,0,1,0.0,3.67
420,0,2,1.0,0,0,0,0.0,4.33
421,0,2,1.0,0,1,1,0.0,3.75
422,0,3,1.5,1,0,1,0.0,4.5
423,0,3,1.5,0,0,0,0.0,5.25
424,0,3,1.5,1,0,1,0.0,6.0
425,0,3,1.5,0,0,0,0.0,6.75
426,0,5,2.5,1,1,1,0.0,6.2
427,0,4,2.0,0,0,0,0.0,7.0
428,0,4,2.0,1,0,1,0.0,7.8
429,0,4,2.0,0,0,0,0.0,8.6
430,0,5,2.5,1,0,1,0.0,9.6
431,0,5,2.5,0,0,1,0.0,10.6
432,0,5,2.5,1,0,0,0.0,11.6
433,0,5,2.5,1,0,1,0.0,12.6
434,0,5,2.5,0,0,0,0.0,13.6
435,0,5,2.5,0,0,0,0.0,14.6
436,0,5,2.5,1,0,1,0.0,15.6
437,0,5,2.5,0,0,1,0.0,16.6
438,0,5,2.5,1,0,0,0.0,17.6
439,0,5,2.5,0,0,0,0.0,18.6
440,0,5,2.5,1,0,1,0.0,19.6
441,0,5,2.5,1,0,0,0.0,20.6
442,0,4,2.0,0,0,1,0.0,19.25
443,0,3,1.5,1,0,0,0.0,13.5
444,1,2,0.5,0,0,0,0.2,8.5
445,1,1,0.0,1,0,0,0.33,5.33
446,2,0,1.0,0,0,1,0.67,0.0
447,2,0,1.0,0,0,0,1.0,0.0
448,3,0,1.5,0,0,0,1.5,0.0
449,4,0,2.0,1,0,1,1.86,0.0
450,4,0,2.0,0,1,0,2.43,0.0
451,5,0,2.5,0,0,1,3.14,0.0
452,6,0,3.0,0,1,1,4.0,0.0
453,7,0,3.5,0,0,0,5.0,0.0
454,7,0,3.5,0,1,1,6.0,0.0
455,7,0,3.5,0,0,0,7.0,0.0
456,7,0,3.5,0,1,1,8.0,0.0
457,7,0,3.5,0,0,0,9.0,0.0
458,7,0,3.5,0,1,1,10.0,0.0
459,7,0,3.5,0,0,0,11.0,0.0
460,7,0,3.5,0,1,1,12.0,0.0
461,7,0,3.5,0,0,0,13.0,0.0
462,7,0,3.5,0,1,1,14.0,0.0
463,7,0,3.5,0,0,1,15.0,0.0
464,7,0,3.5,0,0,0,16.0,0.0
465,7,0,3.5,0,0,1,17.0,0.0
466,7,0,3.5,0,1,0,18.0,0.0
467,7,0,3.5,0,0,1,19.0,0.0
468,7,0,3.5,0,0,0,20.0,0.0
469,7,0,3.5,0,0,1,21.0,0.0
470,7,0,3.5,0,0,0,22.0,0.0
471,7,0,3.5,0,1,0,23.0,0.0
472,7,0,3.5,0,0,0,24.0,0.0
473,7,0,3.5,0,0,0,25.0,0.0
474,7,0,3.5,0,0,1,26.0,0.0
475,6,0,3.0,0,0,0,26.17,0.0
476,5,0,2.5,0,1,0,22.0,0.0
477,4,0,2.0,0,0,0,17.83,0.0
478,3,1,1.0,0,0,0,16.2,0.5
479,2,1,0.5,0,0,0,11.0,1.0
480,1,1,0.0,0,0,0,7.0,1.5
481,0,1,0.5,0,1,0,0.0,1.33
482,0,1,0.5,0,0,0,0.0,1.67
483,0,2,1.0,0,0,1,0.0,2.33
484,0,2,1.0,0,0,1,0.0,3.0
485,0,2,1.0,1,0,0,0.0,3.67
486,0,2,1.0,0,1,1,0.0,3.25
487,0,2,1.0,1,0,0,0.0,3.75
488,0,3,1.5,0,0,1,0.0,4.5
489,0,3,1.5,0,0,0,0.0,5.25
490,0,3,1.5,1,0,1,0.0,6.0
491,0,5,2.5,0,1,0,0.0,5.6
492,0,4,2.0,1,0,1,0.0,6.4
493,0,4,2.0,0,0,1,0.0,7.2
494,0,4,2.0,1,0,0,0.0,8.0
495,0,5,2.5,0,0,1,0.0,9.0
496,0,5,2.5,1,0,0,0.0,10.0
497,0,5,2.5,0,0,1,0.0,11.0
498,0,5,2.5,1,0,0,0.0,12.0
499,0,5,2.5,0,0,0,0.0,13.0
500,0,5,2.5,1,0,1,0.0,14.0
501,0,5,2.5,0,0,0,0.0,15.0
502,0,5,2.5,1,0,1,0.0,16.0
503,0,5,2.5,0,0,0,0.0,17.0
504,0,5,2.5,1,0,0,0.0,18.0
505,0,5,2.5,0,0,1,0.0,19.0
506,0,5,2.5,1,0,1,0.0,20.0
507,0,5,2.5,1,0,0,0.0,21.0
508,0,4,2.0,0,0,1,0.0,19.75
509,1,3,1.0,1,0,0,0.2,14.0
510,2,2,0.0,0,0,1,0.6,9.0
511,2,1,0.5,1,0,0,0.83,5.67
512,3,0,1.5,0,0,0,1.33,0.0
513,3,0,1.5,0,0,0,1.83,0.0
514,4,0,2.0,1,0,1,2.14,0.0
515,4,0,2.0,0,0,0,2.71,0.0
516,5,0,2.5,0,1,1,3.43,0.0
517,5,0,2.5,0,0,0,4.14,0.0
518,6,0,3.0,0,1,1,5.0,0.0
519,6,0,3.0,0,0,0,5.86,0.0
520,7,0,3.5,0,1,1,6.86,0.0
521,7,0,3.5,0,0,0,7.86,0.0
522,7,0,3.5,0,1,1,8.86,0.0
523,7,0,3.5,0,0,1,9.86,0.0
524,7,0,3.5,0,1,0,10.86,0.0
525,7,0,3.5,0,0,1,11.86,0.0
526,7,0,3.5,0,1,0,12.86,0.0
527,7,0,3.5,0,0,1,13.86,0.0
528,7,0,3.5,0,1,0,14.86,0.0
529,7,0,3.5,0,0,1,15.86,0.0
530,7,0,3.5,0,0,0,16.86,0.0
531,7,0,3.5,0,1,0,17.86,0.0
532,7,0,3.5,0,0,0,18.86,0.0
533,7,0,3.5,0,0,1,19.86,0.0
534,7,0,3.5,0,0,1,20.86,0.0
535,7,0,3.5,0,0,0,21.86,0.0
536,7,0,3.5,0,1,1,22.86,0.0
537,7,0,3.5,0,0,0,23.86,0.0
538,7,0,3.5,0,0,0,24.86,0.0
539,7,0,3.5,0,0,1,25.86,0.0
540,7,0,3.5,0,0,0,26.86,0.0
541,6,0,3.0,0,1,0,27.0,0.0
542,5,1,2.0,0,0,0,22.5,0.5
543,4,1,1.5,0,0,0,18.0,1.0
544,3,1,1.0,0,0,0,16.2,1.5
545,2,1,0.5,0,0,0,10.8,2.0
546,1,1,0.0,0,1,0,6.75,1.67
547,0,1,0.5,0,0,0,0.0,2.0
548,0,2,1.0,0,0,0,0.0,2.67
549,0,2,1.0,0,0,1,0.0,3.33
550,0,2,1.0,0,0,0,0.0,4.0
551,0,2,1.0,1,1,1,0.0,3.5
552,0,3,1.5,0,0,1,0.0,4.25
553,0,3,1.5,1,0,0,0.0,5.0
554,0,3,1.5,0,0,1,0.0,5.75
555,0,3,1.5,1,0,0,0.0,6.5
556,0,4,2.0,0,1,1,0.0,5.8
557,0,4,2.0,1,0,0,0.0,6.6
558,0,4,2.0,0,0,0,0.0,7.4
559,0,5,2.5,1,0,1,0.0,8.4
560,0,5,2.5,0,0,1,0.0,9.4
561,0,5,2.5,1,0,0,0.0,10.4
562,0,5,2.5,0,0,1,0.0,11.4
563,0,5,2.5,1,0,0,0.0,12.4
564,0,5,2.5,0,0,1,0.0,13.4
565,0,5,2.5,1,0,1,0.0,14.4
566,0,5,2.5,0,0,0,0.0,15.4
567,0,5,2.5,1,0,1,0.0,16.4
568,0,5,2.5,0,0,0,0.0,17.4
569,0,5,2.5,1,0,1,0.0,18.4
570,0,5,2.5,0,0,0,0.0,19.4
571,0,5,2.5,1,0,1,0.0,20.4
572,0,5,2.5,0,0,1,0.0,21.4
573,0,5,2.5,1,0,0,0.0,22.4
574,0,4,2.0,1,0,0,0.0,21.0
575,0,3,1.5,0,0,1,0.0,15.0
576,1,2,0.5,1,0,1,0.2,9.5
577,1,1,0.0,0,0,0,0.4,6.33
578,2,0,1.0,1,0,0,0.67,0.0
579,2,0,1.0,0,0,0,1.0,0.0
580,2,0,1.0,0,0,1,1.33,0.0
581,3,0,1.5,1,1,0,1.57,0.0
582,4,0,2.0,0,0,1,2.14,0.0
583,4,0,2.0,0,0,0,2.71,0.0
584,5,0,2.5,0,1,1,3.43,0.0
585,5,0,2.5,0,0,0,4.14,0.0
586,6,0,3.0,0,1,1,5.0,0.0
587,7,0,3.5,0,0,0,6.0,0.0
588,7,0,3.5,0,1,1,7.0,0.0
589,7,0,3.5,0,0,0,8.0,0.0
590,7,0,3.5,0,1,1,9.0,0.0
591,7,0,3.5,0,0,0,10.0,0.0
592,7,0,3.5,0,1,1,11.0,0.0
593,7,0,3.5,0,0,1,12.0,0.0
594,7,0,3.5,0,1,0,13.0,0.0
595,7,0,3.5,0,0,1,14.0,0.0
596,7,0,3.5,0,1,0,15.0,0.0
597,7,0,3.5,0,0,1,16.0,0.0
598,7,0,3.5,0,0,0,17.0,0.0
599,7,0,3.5,0,0,0,18.0,0.0
600,7,0,3.5,0,0,1,19.0,0.0
601,7,0,3.5,0,1,1,20.0,0.0
602,7,0,3.5,0,0,0,21.0,0.0
603,7,0,3.5,0,0,1,22.0,0.0
604,7,0,3.5,0,0,0,23.0,0.0
605,7,0,3.5,0,0,0,24.0,0.0
606,7,0,3.5,0,1,0,25.0,0.0
607,6,0,3.0,0,0,0,25.0,0.0
608,5,0,2.5,0,0,1,20.83,0.0
609,4,0,2.0,0,0,0,16.83,0.0
610,3,0,1.5,0,0,0,15.2,0.0
611,2,0,1.0,0,1,0,10.2,0.0
612,1,1,0.0,0,0,0,5.2,0.5
613,0,1,0.5,0,0,0,0.0,1.0
614,0,1,0.5,0,0,0,0.0,1.5
615,0,1,0.5,0,0,1,0.0,2.0
616,0,1,0.5,0,1,0,0.0,1.67
617,0,1,0.5,1,0,1,0.0,2.0
618,0,1,0.5,0,0,0,0.0,2.33
619,0,2,1.0,0,0,1,0.0,3.0
620,0,2,1.0,1,0,0,0.0,3.67
621,0,2,1.0,0,1,1,0.0,3.25
622,0,2,1.0,1,0,0,0.0,3.75
623,0,3,1.5,0,0,1,0.0,4.5
624,0,3,1.5,1,0,1,0.0,5.25
625,0,3,1.5,0,0,0,0.0,6.0
626,0,5,2.5,1,1,0,0.0,5.6
627,0,4,2.0,0,0,1,0.0,6.4
628,0,4,2.0,1,0,0,0.0,7.2
629,0,4,2.0,0,0,1,0.0,8.0
630,0,5,2.5,1,0,0,0.0,9.0
631,0,5,2.5,0,0,1,0.0,10.0
632,0,5,2.5,1,0,0,0.0,11.0
633,0,5,2.5,0,0,1,0.0,12.0
634,0,5,2.5,1,0,0,0.0,13.0
635,0,5,2.5,0,0,1,0.0,14.0
636,0,5,2.5,1,0,1,0.0,15.0
637,0,5,2.5,0,0,0,0.0,16.0
638,0,5,2.5,1,0,1,0.0,17.0
639,0,5,2.5,1,0,0,0.0,18.0
640,0,4,2.0,0,0,1,0.0,16.5
641,1,3,1.0,1,0,1,0.2,11.75
642,2,2,0.0,0,0,0,0.6,7.5
643,2,1,0.5,1,0,0,0.83,4.67
644,2,0,1.0,0,0,0,1.17,0.0
645,3,0,1.5,0,0,0,1.67,0.0
646,3,0,1.5,1,0,1,1.86,0.0
647,4,0,2.0,0,1,0,2.43,0.0
648,5,0,2.5,0,0,1,3.14,0.0
649,6,0,3.0,0,0,0,4.0,0.0
650,7,0,3.5,0,1,1,5.0,0.0
651,6,0,3.0,0,0,0,5.71,0.0
652,7,0,3.5,0,1,1,6.71,0.0
653,7,0,3.5,0,0,0,7.71,0.0
654,7,0,3.5,0,1,1,8.71,0.0
655,7,0,3.5,0,0,1,9.71,0.0
656,7,0,3.5,0,1,0,10.71,0.0
657,7,0,3.5,0,0,1,11.71,0.0
658,7,0,3.5,0,1,0,12.71,0.0
659,7,0,3.5,0,0,1,13.71,0.0
660,7,0,3.5,0,0,0,14.71,0.0
661,7,0,3.5,0,1,0,15.71,0.0
662,7,0,3.5,0,0,1,16.71,0.0
663,7,0,3.5,0,0,1,17.71,0.0
664,7,0,3.5,0,0,0,18.71,0.0
665,7,0,3.5,0,0,1,19.71,0.0
666,7,0,3.5,0,1,0,20.71,0.0
667,7,0,3.5,0,0,0,21.71,0.0
668,7,0,3.5,0,0,1,22.71,0.0
669,7,0,3.5,0,0,0,23.71,0.0
670,7,0,3.5,0,0,0,24.71,0.0
671,7,0,3.5,0,1,0,25.71,0.0
672,7,0,3.5,0,0,0,26.71,0.0
673,6,0,3.0,0,0,1,26.83,0.0
674,5,0,2.5,0,0,0,22.33,0.0
675,4,0,2.0,0,0,0,18.0,0.0
676,3,0,1.5,0,1,0,16.4,0.0
677,2,0,1.0,0,0,0,11.0,0.0
678,1,1,0.0,0,0,0,6.75,0.5
679,0,1,0.5,0,0,0,0.0,1.0
680,0,1,0.5,0,0,0,0.0,1.5
681,0,1,0.5,0,1,1,0.0,1.33
682,0,1,0.5,1,0,0,0.0,1.67
683,0,2,1.0,0,0,1,0.0,2.33
684,0,2,1.0,0,0,1,0.0,3.0
685,0,2,1.0,1,0,0,0.0,3.67
686,0,3,1.5,0,1,1,0.0,3.25
687,0,2,1.0,1,0,0,0.0,3.75
688,0,3,1.5,0,0,1,0.0,4.5
689,0,3,1.5,1,0,0,0.0,5.25
690,0,3,1.5,0,0,0,0.0,6.0
691,0,4,2.0,1,1,1,0.0,5.4
692,0,4,2.0,0,0,1,0.0,6.2
693,0,4,2.0,1,0,0,0.0,7.0
694,0,5,2.5,0,0,1,0.0,8.0
695,0,5,2.5,1,0,0,0.0,9.0
696,0,5,2.5,0,0,1,0.0,10.0
697,0,5,2.5,1,0,0,0.0,11.0
698,0,5,2.5,0,0,1,0.0,12.0
699,0,5,2.5,1,0,1,0.0,13.0
700,0,5,2.5,0,0,0,0.0,14.0
701,0,5,2.5,1,0,0,0.0,15.0
702,0,5,2.5,0,0,1,0.0,16.0
703,0,5,2.5,1,0,0,0.0,17.0
704,0,5,2.5,1,0,1,0.0,18.0
705,0,5,2.5,0,0,1,0.0,19.0
706,1,4,1.5,1,0,0,0.2,17.75
707,1,3,1.0,0,0,1,0.4,12.5
708,1,2,0.5,1,0,0,0.5,8.0
709,2,1,0.5,0,0,0,0.83,5.33
710,2,0,1.0,0,0,0,1.17,0.0
711,2,0,1.0,0,0,0,1.5,0.0
712,3,0,1.5,1,0,0,1.71,0.0
713,3,0,1.5,0,0,1,2.14,0.0
714,4,0,2.0,0,1,1,2.71,0.0
715,5,0,2.5,0,0,0,3.43,0.0
716,5,0,2.5,0,1,1,4.14,0.0
717,6,0,3.0,0,0,0,5.0,0.0
718,6,0,3.0,0,1,1,5.86,0.0
719,7,0,3.5,0,0,0,6.86,0.0
720,7,0,3.5,0,1,1,7.86,0.0
721,7,0,3.5,0,0,0,8.86,0.0
722,7,0,3.5,0,1,1,9.86,0.0
723,7,0,3.5,0,0,0,10.86,0.0
724,7,0,3.5,0,1,1,11.86,0.0
725,7,0,3.5,0,0,1,12.86,0.0
726,7,0,3.5,0,1,0,13.86,0.0
727,7,0,3.5,0,0,0,14.86,0.0
728,7,0,3.5,0,0,1,15.86,0.0
729,7,0,3.5,0,0,0,16.86,0.0
730,7,0,3.5,0,0,1,17.86,0.0
731,7,0,3.5,0,1,1,18.86,0.0
732,7,0,3.5,0,0,0,19.86,0.0
733,7,0,3.5,0,0,1,20.86,0.0
734,7,0,3.5,0,0,0,21.86,0.0
735,7,0,3.5,0,0,0,22.86,0.0
736,7,0,3.5,0,1,0,23.86,0.0
737,7,0,3.5,0,0,0,24.86,0.0
738,7,0,3.5,0,0,1,25.86,0.0
739,6,0,3.0,0,0,0,25.67,0.0
740,5,0,2.5,0,0,0,21.33,0.0
741,4,2,1.0,0,1,0,17.17,0.5
742,3,1,1.0,0,0,0,15.6,1.0
743,2,1,0.5,0,0,0,10.4,1.5
744,1,1,0.0,0,0,0,6.5,2.0
745,0,1,0.5,0,0,0,0.0,2.5
746,0,1,0.5,0,1,0,0.0,2.0
747,0,1,0.5,0,0,1,0.0,2.33
748,0,1,0.5,0,0,0,0.0,2.67
749,0,2,1.0,1,0,1,0.0,3.33
750,0,2,1.0,0,0,1,0.0,4.0
751,0,4,2.0,1,1,0,0.0,3.75
752,0,3,1.5,0,0,1,0.0,4.5
753,0,3,1.5,1,0,0,0.0,5.25
754,0,3,1.5,0,0,1,0.0,6.0
755,0,3,1.5,1,0,0,0.0,6.75
756,0,4,2.0,0,1,1,0.0,6.0
757,0,3,1.5,1,0,0,0.0,6.6
758,0,4,2.0,0,0,1,0.0,7.4
759,0,4,2.0,1,0,0,0.0,8.2
760,0,5,2.5,0,0,1,0.0,9.2
761,0,5,2.5,1,0,1,0.0,10.2
762,0,5,2.5,0,0,0,0.0,11.2
763,0,5,2.5,1,0,1,0.0,12.2
764,0,5,2.5,0,0,0,0.0,13.2
765,0,5,2.5,1,0,1,0.0,14.2
766,0,5,2.5,0,0,0,0.0,15.2
767,0,5,2.5,1,0,1,0.0,16.2
768,0,5,2.5,0,0,0,0.0,17.2
769,0,5,2.5,1,0,1,0.0,18.2
770,0,5,2.5,0,0,1,0.0,19.2
771,0,5,2.5,1,0,0,0.0,20.2
772,0,4,2.0,1,0,0,0.0,18.5
773,0,3,1.5,0,0,1,0.0,13.25
774,0,2,1.0,1,0,1,0.0,8.0
775,1,1,0.0,0,0,0,0.2,5.33
776,1,0,0.5,1,0,0,0.33,0.0
777,2,0,1.0,0,0,0,0.67,0.0
778,3,0,1.5,0,0,1,1.17,0.0
779,3,0,1.5,1,1,0,1.43,0.0
780,4,0,2.0,0,0,1,2.0,0.0
781,5,0,2.5,0,0,0,2.71,0.0
782,6,0,3.0,0,1,1,3.57,0.0
783,6,0,3.0,0,0,0,4.43,0.0
784,7,0,3.5,0,1,1,5.43,0.0
785,7,0,3.5,0,0,0,6.43,0.0
786,7,0,3.5,0,1,1,7.43,0.0
787,7,0,3.5,0,0,0,8.43,0.0
788,7,0,3.5,0,1,1,9.43,0.0
789,7,0,3.5,0,0,0,10.43,0.0
790,7,0,3.5,0,1,1,11.43,0.0
791,7,0,3.5,0,0,0,12.43,0.0
792,7,0,3.5,0,1,1,13.43,0.0
793,7,0,3.5,0,0,1,14.43,0.0
794,7,0,3.5,0,0,0,15.43,0.0
795,7,0,3.5,0,0,1,16.43,0.0
796,7,0,3.5,0,1,0,17.43,0.0
797,7,0,3.5,0,0,0,18.43,0.0
798,7,0,3.5,0,0,1,19.43,0.0
799,7,0,3.5,0,0,1,20.43,0.0
800,7,0,3.5,0,0,0,21.43,0.0
801,7,0,3.5,0,1,0,22.43,0.0
802,7,0,3.5,0,0,0,23.43,0.0
803,7,0,3.5,0,0,1,24.43,0.0
804,7,0,3.5,0,0,0,25.43,0.0
805,6,0,3.0,0,0,0,25.67,0.0
806,5,2,1.5,0,1,0,21.67,0.5
807,4,1,1.5,0,0,0,17.5,1.0
808,3,1,1.0,0,0,0,13.33,1.5
809,2,1,0.5,0,0,0,10.8,2.0
810,1,1,0.0,0,0,0,5.4,2.5
811,0,1,0.5,0,1,0,0.0,2.0
812,0,1,0.5,0,0,0,0.0,2.33
813,0,2,1.0,0,0,1,0.0,3.0
814,0,2,1.0,0,0,0,0.0,3.67
815,0,2,1.0,0,0,1,0.0,4.33
816,0,3,1.5,1,1,0,0.0,3.75
817,0,3,1.5,0,0,1,0.0,4.5
818,0,3,1.5,1,0,0,0.0,5.25
819,0,3,1.5,0,0,1,0.0,6.0
820,0,3,1.5,1,0,0,0.0,6.75
821,0,4,2.0,0,1,0,0.0,6.0
822,0,4,2.0,1,0,1,0.0,6.8
823,0,4,2.0,0,0,0,0.0,7.6
824,0,5,2.5,0,0,0,0.0,8.6
825,0,5,2.5,1,0,1,0.0,9.6
826,0,5,2.5,0,0,0,0.0,10.6
827,0,5,2.5,1,0,1,0.0,11.6
828,0,5,2.5,0,0,0,0.0,12.6
829,0,5,2.5,1,0,1,0.0,13.6
830,0,5,2.5,0,0,1,0.0,14.6
831,0,5,2.5,1,0,0,0.0,15.6
832,0,5,2.5,0,0,0,0.0,16.6
833,0,5,2.5,1,0,1,0.0,17.6
834,0,5,2.5,0,0,0,0.0,18.6
835,0,5,2.5,1,0,1,0.0,19.6
836,0,5,2.5,1,0,1,0.0,20.6
837,0,5,2.5,0,0,0,0.0,21.6
838,0,4,2.0,1,0,1,0.0,20.0
839,1,3,1.0,0,0,0,0.2,14.25
840,1,2,0.5,1,0,1,0.33,9.0
841,1,1,0.0,0,0,0,0.5,6.0
842,2,0,1.0,0,0,0,0.83,0.0
843,3,0,1.5,0,0,0,1.33,0.0
844,3,0,1.5,1,0,1,1.57,0.0
845,4,0,2.0,0,0,0,2.14,0.0
846,5,0,2.5,0,1,0,2.86,0.0
847,5,0,2.5,0,0,1,3.57,0.0
848,6,0,3.0,0,1,0,4.43,0.0
849,7,0,3.5,0,0,1,5.43,0.0
850,7,0,3.5,0,1,0,6.43,0.0
851,7,0,3.5,0,0,1,7.43,0.0
852,7,0,3.5,0,1,1,8.43,0.0
853,7,0,3.5,0,0,0,9.43,0.0
854,7,0,3.5,0,1,1,10.43,0.0
855,7,0,3.5,0,0,0,11.43,0.0
856,7,0,3.5,0,1,1,12.43,0.0
857,7,0,3.5,0,0,0,13.43,0.0
858,7,0,3.5,0,1,1,14.43,0.0
859,7,0,3.5,0,0,1,15.43,0.0
860,7,0,3.5,0,0,0,16.43,0.0
861,7,0,3.5,0,1,1,17.43,0.0
862,7,0,3.5,0,0,0,18.43,0.0
863,7,0,3.5,0,0,1,19.43,0.0
864,7,0,3.5,0,0,0,20.43,0.0
865,7,0,3.5,0,0,1,21.43,0.0
866,7,0,3.5,0,1,0,22.43,0.0
867,7,0,3.5,0,0,0,23.43,0.0
868,7,0,3.5,0,0,1,24.43,0.0
869,7,0,3.5,0,0,0,25.43,0.0
870,7,0,3.5,0,0,0,26.43,0.0
871,6,0,3.0,0,1,0,26.5,0.0
872,5,1,2.0,0,0,0,22.33,0.5
873,4,1,1.5,0,0,0,18.0,1.0
874,3,1,1.0,0,0,0,16.4,1.5
875,2,1,0.5,0,0,0,11.0,2.0
876,1,1,0.0,0,1,0,5.6,1.67
877,0,1,0.5,0,0,0,0.0,2.0
878,0,1,0.5,0,0,0,0.0,2.33
879,0,1,0.5,0,0,1,0.0,2.67
880,0,1,0.5,0,0,0,0.0,3.0
881,0,3,1.5,1,1,1,0.0,2.75
882,0,3,1.5,0,0,0,0.0,3.5
883,0,3,1.5,0,0,1,0.0,4.25
884,0,3,1.5,1,0,0,0.0,5.0
885,0,3,1.5,0,0,1,0.0,5.75
886,0,5,2.5,1,1,0,0.0,5.4
887,0,4,2.0,0,0,1,0.0,6.2
888,0,4,2.0,1,0,0,0.0,7.0
889,0,4,2.0,0,0,1,0.0,7.8
890,0,5,2.5,1,0,0,0.0,8.8
891,0,5,2.5,0,0,1,0.0,9.8
892,0,5,2.5,1,0,0,0.0,10.8
893,0,5,2.5,1,0,1,0.0,11.8
894,0,5,2.5,0,0,0,0.0,12.8
895,0,5,2.5,0,0,1,0.0,13.8
896,0,5,2.5,1,0,1,0.0,14.8
897,0,5,2.5,0,0,0,0.0,15.8
898,0,5,2.5,1,0,1,0.0,16.8
899,0,5,2.5,0,0,0,0.0,17.8
900,0,5,2.5,1,0,1,0.0,18.8
901,0,5,2.5,0,0,0,0.0,19.8
902,0,5,2.5,1,0,1,0.0,20.8
903,0,5,2.5,1,0,0,0.0,21.8
904,1,4,1.5,0,0,0,0.25,20.25
905,1,3,1.0,1,0,1,0.4,15.0
906,1,2,0.5,0,0,0,0.6,9.5
907,2,1,0.5,1,0,1,0.83,6.0
908,2,0,1.0,0,0,0,1.17,0.0
909,3,0,1.5,1,0,0,1.43,0.0
910,4,0,2.0,0,0,1,2.0,0.0
911,4,0,2.0,0,1,0,2.57,0.0
912,5,0,2.5,0,0,0,3.29,0.0
913,6,0,3.0,0,0,1,4.14,0.0
914,6,0,3.0,0,1,0,5.0,0.0
915,7,0,3.5,0,0,1,6.0,0.0
916,7,0,3.5,0,1,1,7.0,0.0
917,7,0,3.5,0,0,0,8.0,0.0
918,7,0,3.5,0,1,0,9.0,0.0
919,7,0,3.5,0,0,1,10.0,0.0
920,7,0,3.5,0,1,1,11.0,0.0
921,7,0,3.5,0,0,0,12.0,0.0
922,7,0,3.5,0,1,1,13.0,0.0
923,7,0,3.5,0,0,0,14.0,0.0
924,7,0,3.5,0,1,1,15.0,0.0
925,7,0,3.5,0,0,0,16.0,0.0
926,7,0,3.5,0,1,1,17.0,0.0
927,7,0,3.5,0,0,0,18.0,0.0
928,7,0,3.5,0,0,1,19.0,0.0
929,7,0,3.5,0,0,1,20.0,0.0
930,7,0,3.5,0,0,0,21.0,0.0
931,7,0,3.5,0,1,1,22.0,0.0
932,7,0,3.5,0,0,0,23.0,0.0
933,7,0,3.5,0,0,1,24.0,0.0
934,7,0,3.5,0,0,0,25.0,0.0
935,7,0,3.5,0,0,0,26.0,0.0
936,7,0,3.5,0,1,0,27.0,0.0
937,6,0,3.0,0,0,0,27.0,0.0
938,5,0,2.5,0,0,1,22.67,0.0
939,4,0,2.0,0,0,0,18.33,0.0
940,3,0,1.5,0,0,0,16.6,0.0
941,2,0,1.0,0,1,0,11.2,0.0
942,1,0,0.5,0,0,0,5.6,0.0
943,0,1,0.5,0,0,0,0.0,0.5
944,0,1,0.5,0,0,0,0.0,1.0
945,0,1,0.5,0,0,1,0.0,1.5
946,0,1,0.5,0,1,0,0.0,1.33
947,0,1,0.5,1,0,1,0.0,1.67
948,0,1,0.5,0,0,0,0.0,2.0
949,0,2,1.0,0,0,1,0.0,2.67
950,0,2,1.0,1,0,1,0.0,3.33
951,0,3,1.5,0,1,0,0.0,3.0
952,0,3,1.5,1,0,1,0.0,3.75
953,0,3,1.5,0,0,0,0.0,4.5
954,0,3,1.5,1,0,1,0.0,5.25
955,0,4,2.0,0,0,0,0.0,6.25
956,0,5,2.5,1,1,1,0.0,5.8
957,0,4,2.0,0,0,0,0.0,6.6
958,0,4,2.0,1,0,1,0.0,7.4
959,0,4,2.0,0,0,0,0.0,8.2
960,0,5,2.5,1,0,1,0.0,9.2
961,0,5,2.5,0,0,1,0.0,10.2
962,0,5,2.5,1,0,0,0.0,11.2
963,0,5,2.5,0,0,1,0.0,12.2
964,0,5,2.5,1,0,0,0.0,13.2
965,0,5,2.5,0,0,0,0.0,14.2
966,0,5,2.5,1,0,1,0.0,15.2
967,0,5,2.5,0,0,1,0.0,16.2
968,0,5,2.5,1,0,0,0.0,17.2
969,0,5,2.5,1,0,0,0.0,18.2
970,0,4,2.0,0,0,1,0.0,17.0
971,0,3,1.5,1,0,1,0.0,12.25
972,1,2,0.5,0,0,0,0.2,7.75
973,1,1,0.0,1,0,0,0.33,3.5
974,2,0,1.0,0,0,0,0.67,0.0
975,3,0,1.5,0,0,0,1.17,0.0
976,3,0,1.5,1,0,1,1.43,0.0
977,4,0,2.0,0,1,0,2.0,0.0
978,4,0,2.0,0,0,0,2.57,0.0
979,4,0,2.0,0,0,1,3.14,0.0
980,5,0,2.5,0,1,1,3.86,0.0
981,6,0,3.0,0,0,0,4.71,0.0
982,7,0,3.5,0,1,1,5.71,0.0
983,7,0,3.5,0,0,0,6.71,0.0
984,7,0,3.5,0,1,1,7.71,0.0
985,7,0,3.5,0,1,0,8.71,0.0
986,7,0,3.5,0,0,1,9.71,0.0
987,7,0,3.5,0,1,0,10.71,0.0
988,7,0,3.5,0,0,1,11.71,0.0
989,7,0,3.5,0,0,1,12.71,0.0
990,7,0,3.5,0,0,0,13.71,0.0
991,7,0,3.5,0,1,1,14.71,0.0
992,7,0,3.5,0,0,0,15.71,0.0
993,7,0,3.5,0,0,0,16.71,0.0
994,7,0,3.5,0,0,1,17.71,0.0
995,7,0,3.5,0,0,0,18.71,0.0
996,7,0,3.5,0,1,1,19.71,0.0
997,7,0,3.5,0,0,0,20.71,0.0
998,7,0,3.5,0,0,1,21.71,0.0
999,7,0,3.5,0,0,0,22.71,0.0
1000,7,0,3.5,0,0,0,23.71,0.0
1001,7,0,3.5,0,0,0,24.71,0.0
1002,7,0,3.5,0,0,0,25.71,0.0
1003,6,0,3.0,0,0,1,25.83,0.0
1004,5,0,2.5,0,0,0,21.67,0.0
1005,4,0,2.0,0,0,0,17.33,0.0
1006,3,0,1.5,0,0,0,15.6,0.0
1007,2,0,1.0,0,0,0,10.6,0.0
1008,1,0,0.5,0,0,0,6.75,0.0
1009,0,0,0.0,0,0,0,0.0,0.0
1010,0,0,0.0,0,0,0,0.0,0.0
1011,0,0,0.0,0,0,1,0.0,0.0
1012,0,0,0.0,0,0,1,0.0,0.0
1013,0,0,0.0,1,0,0,0.0,0.0
1014,0,0,0.0,0,0,0,0.0,0.0
1015,0,0,0.0,0,0,1,0.0,0.0
1016,0,0,0.0,1,0,1,0.0,0.0
1017,0,0,0.0,0,0,0,0.0,0.0
1018,0,0,0.0,1,0,1,0.0,0.0
1019,0,0,0.0,0,0,0,0.0,0.0
1020,0,0,0.0,1,0,1,0.0,0.0
1021,0,0,0.0,0,0,0,0.0,0.0
1022,0,0,0.0,1,0,1,0.0,0.0
1023,0,0,0.0,0,0,0,0.0,0.0
1024,0,0,0.0,1,0,1,0.0,0.0
1025,0,0,0.0,0,0,1,0.0,0.0
1026,0,0,0.0,1,0,0,0.0,0.0
1027,0,0,0.0,0,0,1,0.0,0.0
1028,0,0,0.0,1,0,0,0.0,0.0
1029,0,0,0.0,0,0,1,0.0,0.0
1030,0,0,0.0,1,0,0,0.0,0.0
1031,0,0,0.0,0,0,0,0.0,0.0
1032,0,0,0.0,1,0,0,0.0,0.0
1033,0,0,0.0,0,0,1,0.0,0.0
1034,0,0,0.0,1,0,0,0.0,0.0
1035,0,0,0.0,1,0,0,0.0,0.0
1036,1,0,0.5,0,0,1,0.25,0.0
1037,1,0,0.5,1,0,1,0.4,0.0
1038,1,0,0.5,0,0,0,0.6,0.0
1039,2,0,1.0,1,0,1,0.83,0.0
1040,2,0,1.0,0,0,0,1.17,0.0
1041,3,0,1.5,0,0,0,1.67,0.0
1042,3,0,1.5,0,0,0,2.17,0.0
1043,3,0,1.5,1,0,0,2.29,0.0
1044,4,0,2.0,0,0,0,2.86,0.0
1045,5,0,2.5,0,0,0,3.57,0.0
1046,6,0,3.0,0,0,0,4.43,0.0
1047,7,0,3.5,0,0,0,5.43,0.0
1048,7,0,3.5,0,0,0,6.43,0.0
1049,7,0,3.5,0,0,0,7.43,0.0
1050,7,0,3.5,0,0,0,8.43,0.0
1051,7,0,3.5,0,0,0,9.43,0.0
1052,7,0,3.5,0,0,0,10.43,0.0
1053,7,0,3.5,0,0,0,11.43,0.0
1054,7,0,3.5,0,0,0,12.43,0.0
1055,7,0,3.5,0,0,0,13.43,0.0
1056,7,0,3.5,0,0,0,14.43,0.0
1057,7,0,3.5,0,0,0,15.43,0.0
1058,7,0,3.5,0,0,0,16.43,0.0
1059,7,0,3.5,0,0,0,17.43,0.0
1060,7,0,3.5,0,0,0,18.43,0.0
1061,7,0,3.5,0,0,0,19.43,0.0
1062,7,0,3.5,0,0,0,20.43,0.0
1063,7,0,3.5,0,0,0,21.43,0.0
1064,7,0,3.5,0,0,0,22.43,0.0
1065,7,0,3.5,0,0,0,23.43,0.0
1066,7,0,3.5,0,0,0,24.43,0.0
1067,7,0,3.5,0,0,0,25.43,0.0
1068,7,0,3.5,0,0,0,26.43,0.0
1069,6,0,3.0,0,0,0,26.33,0.0
1070,5,0,2.5,0,0,0,22.0,0.0
1071,4,0,2.0,0,0,0,17.67,0.0
1072,3,0,1.5,0,0,0,13.5,0.0
1073,2,0,1.0,0,0,0,11.0,0.0
1074,1,0,0.5,0,0,0,5.6,0.0
1075,0,0,0.0,0,0,0,0.0,0.0
1076,0,0,0.0,0,0,0,0.0,0.0
1077,0,0,0.0,0,0,1,0.0,0.0
1078,0,0,0.0,0,0,0,0.0,0.0
1079,0,0,0.0,0,0,1,0.0,0.0
1080,0,0,0.0,1,0,0,0.0,0.0
1081,0,0,0.0,0,0,1,0.0,0.0
1082,0,0,0.0,1,0,0,0.0,0.0
1083,0,0,0.0,0,0,0,0.0,0.0
1084,0,0,0.0,0,0,1,0.0,0.0
1085,0,0,0.0,1,0,1,0.0,0.0
1086,0,0,0.0,0,0,0,0.0,0.0
1087,0,0,0.0,1,0,1,0.0,0.0
1088,0,0,0.0,0,0,0,0.0,0.0
1089,0,0,0.0,1,0,1,0.0,0.0
1090,0,0,0.0,0,0,0,0.0,0.0
1091,0,0,0.0,1,0,1,0.0,0.0
1092,0,0,0.0,0,0,1,0.0,0.0
1093,0,0,0.0,1,0,0,0.0,0.0
1094,0,0,0.0,0,0,1,0.0,0.0
1095,0,0,0.0,1,0,0,0.0,0.0
1096,0,0,0.0,0,0,1,0.0,0.0
1097,0,0,0.0,1,0,0,0.0,0.0
1098,0,0,0.0,0,0,1,0.0,0.0
1099,0,0,0.0,1,0,0,0.0,0.0
1100,0,0,0.0,0,0,0,0.0,0.0
1101,0,0,0.0,1,0,1,0.0,0.0
1102,0,0,0.0,1,0,1,0.0,0.0
1103,0,0,0.0,0,0,0,0.0,0.0
1104,0,0,0.0,1,0,1,0.0,0.0
1105,1,0,0.5,0,0,0,0.2,0.0
1106,1,0,0.5,1,0,0,0.33,0.0
1107,1,0,0.5,0,0,0,0.5,0.0
1108,2,0,1.0,0,0,0,0.83,0.0
1109,2,0,1.0,0,0,0,1.17,0.0
1110,3,0,1.5,1,0,0,1.43,0.0
1111,4,0,2.0,0,0,0,2.0,0.0
1112,5,0,2.5,0,0,0,2.71,0.0
1113,6,0,3.0,0,0,0,3.57,0.0
1114,6,0,3.0,0,0,0,4.43,0.0
1115,7,0,3.5,0,0,0,5.43,0.0
1116,7,0,3.5,0,0,0,6.43,0.0
1117,7,0,3.5,0,0,0,7.43,0.0
1118,7,0,3.5,0,0,0,8.43,0.0
1119,7,0,3.5,0,0,0,9.43,0.0
1120,7,0,3.5,0,0,0,10.43,0.0
1121,7,0,3.5,0,0,0,11.43,0.0
1122,7,0,3.5,0,0,0,12.43,0.0
1123,7,0,3.5,0,0,0,13.43,0.0
1124,7,0,3.5,0,0,0,14.43,0.0
1125,7,0,3.5,0,0,0,15.43,0.0
1126,7,0,3.5,0,0,0,16.43,0.0
1127,7,0,3.5,0,0,0,17.43,0.0
1128,7,0,3.5,0,0,0,18.43,0.0
1129,7,0,3.5,0,0,0,19.43,0.0
1130,7,0,3.5,0,0,0,20.43,0.0
1131,7,0,3.5,0,0,0,21.43,0.0
1132,7,0,3.5,0,0,0,22.43,0.0
1133,7,0,3.5,0,0,0,23.43,0.0
1134,7,0,3.5,0,0,0,24.43,0.0
1135,6,0,3.0,0,0,0,24.5,0.0
1136,5,0,2.5,0,0,0,20.67,0.0
1137,4,0,2.0,0,0,0,16.83,0.0
1138,3,0,1.5,0,0,0,15.4,0.0
1139,2,0,1.0,0,0,0,10.4,0.0
1140,1,0,0.5,0,0,0,5.2,0.0
1141,0,0,0.0,0,0,0,0.0,0.0
1142,0,0,0.0,0,0,0,0.0,0.0
1143,0,0,0.0,0,0,1,0.0,0.0
1144,0,0,0.0,0,0,0,0.0,0.0
1145,0,0,0.0,0,0,1,0.0,0.0
1146,0,0,0.0,1,0,0,0.0,0.0
1147,0,0,0.0,0,0,1,0.0,0.0
1148,0,0,0.0,1,0,0,0.0,0.0
1149,0,0,0.0,0,0,0,0.0,0.0
1150,0,0,0.0,1,0,1,0.0,0.0
1151,0,0,0.0,0,0,1,0.0,0.0
1152,0,0,0.0,1,0,0,0.0,0.0
1153,0,0,0.0,0,0,1,0.0,0.0
1154,0,0,0.0,1,0,0,0.0,0.0
1155,0,0,0.0,0,0,1,0.0,0.0
1156,0,0,0.0,1,0,0,0.0,0.0
1157,0,0,0.0,0,0,1,0.0,0.0
1158,0,0,0.0,1,0,1,0.0,0.0
1159,0,0,0.0,0,0,0,0.0,0.0
1160,0,0,0.0,1,0,0,0.0,0.0
1161,0,0,0.0,0,0,1,0.0,0.0
1162,0,0,0.0,1,0,0,0.0,0.0
1163,0,0,0.0,0,0,1,0.0,0.0
1164,0,0,0.0,1,0,1,0.0,0.0
1165,0,0,0.0,0,0,0,0.0,0.0
1166,0,0,0.0,1,0,1,0.0,0.0
1167,0,0,0.0,1,0,0,0.0,0.0
1168,0,0,0.0,0,0,1,0.0,0.0
1169,0,0,0.0,1,0,0,0.0,0.0
1170,1,0,0.5,0,0,1,0.2,0.0
1171,1,0,0.5,1,0,0,0.33,0.0
1172,2,0,1.0,0,0,0,0.67,0.0
1173,2,0,1.0,0,0,0,1.0,0.0
1174,3,0,1.5,1,0,0,1.29,0.0
1175,4,0,2.0,0,0,0,1.86,0.0
1176,5,0,2.5,0,0,0,2.57,0.0
1177,5,0,2.5,0,0,0,3.29,0.0
1178,6,0,3.0,0,0,0,4.14,0.0
1179,6,0,3.0,0,0,0,5.0,0.0
1180,7,0,3.5,0,0,0,6.0,0.0
1181,7,0,3.5,0,0,0,7.0,0.0
1182,7,0,3.5,0,0,0,8.0,0.0
1183,7,0,3.5,0,0,0,9.0,0.0
1184,7,0,3.5,0,0,0,10.0,0.0
1185,7,0,3.5,0,0,0,11.0,0.0
1186,7,0,3.5,0,0,0,12.0,0.0
1187,7,0,3.5,0,0,0,13.0,0.0
1188,7,0,3.5,0,0,0,14.0,0.0
1189,7,0,3.5,0,0,0,15.0,0.0
1190,7,0,3.5,0,0,0,16.0,0.0
1191,7,0,3.5,0,0,0,17.0,0.0
1192,7,0,3.5,0,0,0,18.0,0.0
1193,7,0,3.5,0,0,0,19.0,0.0
1194,7,0,3.5,0,0,0,20.0,0.0
1195,7,0,3.5,0,0,0,21.0,0.0
1196,7,0,3.5,0,0,0,22.0,0.0
1197,7,0,3.5,0,0,0,23.0,0.0
1198,7,0,3.5,0,0,0,24.0,0.0
1199,7,0,3.5,0,0,0,25.0,0.0
1200,7,0,3.5,0,0,0,26.0,0.0
1201,6,0,3.0,0,0,0,26.17,0.0
1202,5,0,2.5,0,0,0,22.0,0.0
1203,4,0,2.0,0,0,0,17.83,0.0
1204,3,0,1.5,0,0,0,16.2,0.0
1205,2,0,1.0,0,0,0,10.8,0.0
1206,1,0,0.5,0,0,0,6.75,0.0
1207,0,0,0.0,0,0,0,0.0,0.0
1208,0,0,0.0,0,0,0,0.0,0.0
1209,0,0,0.0,0,0,1,0.0,0.0
1210,0,0,0.0,1,0,1,0.0,0.0
1211,0,0,0.0,0,0,0,0.0,0.0
1212,0,0,0.0,0,0,1,0.0,0.0
1213,0,0,0.0,1,0,0,0.0,0.0
1214,0,0,0.0,0,0,1,0.0,0.0
1215,0,0,0.0,1,0,0,0.0,0.0
1216,0,0,0.0,0,0,1,0.0,0.0
1217,0,0,0.0,1,0,0,0.0,0.0
1218,0,0,0.0,0,0,1,0.0,0.0
1219,0,0,0.0,1,0,0,0.0,0.0
1220,0,0,0.0,0,0,0,0.0,0.0
1221,0,0,0.0,1,0,1,0.0,0.0
1222,0,0,0.0,0,0,1,0.0,0.0
1223,0,0,0.0,1,0,0,0.0,0.0
1224,0,0,0.0,0,0,1,0.0,0.0
1225,0,0,0.0,1,0,0,0.0,0.0
1226,0,0,0.0,0,0,1,0.0,0.0
1227,0,0,0.0,1,0,0,0.0,0.0
1228,0,0,0.0,0,0,1,0.0,0.0
1229,0,0,0.0,1,0,0,0.0,0.0
1230,0,0,0.0,0,0,1,0.0,0.0
1231,0,0,0.0,1,0,0,0.0,0.0
1232,0,0,0.0,1,0,1,0.0,0.0
1233,1,0,0.5,0,0,1,0.25,0.0
1234,1,0,0.5,1,0,0,0.4,0.0
1235,1,0,0.5,0,0,1,0.6,0.0
1236,2,0,1.0,1,0,0,0.83,0.0
1237,3,0,1.5,0,0,0,1.33,0.0
1238,3,0,1.5,0,0,0,1.83,0.0
1239,4,0,2.0,1,0,0,2.14,0.0
1240,4,0,2.0,0,0,0,2.71,0.0
1241,5,0,2.5,0,0,0,3.43,0.0
1242,6,0,3.0,0,0,0,4.29,0.0
1243,6,0,3.0,0,0,0,5.14,0.0
1244,7,0,3.5,0,0,0,6.14,0.0
1245,7,0,3.5,0,0,0,7.14,0.0
1246,7,0,3.5,0,0,0,8.14,0.0
1247,7,0,3.5,0,0,0,9.14,0.0
1248,7,0,3.5,0,0,0,10.14,0.0
1249,7,0,3.5,0,0,0,11.14,0.0
1250,7,0,3.5,0,0,0,12.14,0.0
1251,7,0,3.5,0,0,0,13.14,0.0
1252,7,0,3.5,0,0,0,14.14,0.0
1253,7,0,3.5,0,0,0,15.14,0.0
1254,7,0,3.5,0,0,0,16.14,0.0
1255,7,0,3.5,0,0,0,17.14,0.0
1256,7,0,3.5,0,0,0,18.14,0.0
1257,7,0,3.5,0,0,0,19.14,0.0
1258,7,0,3.5,0,0,0,20.14,0.0
1259,7,0,3.5,0,0,0,21.14,0.0
1260,7,0,3.5,0,0,0,22.14,0.0
1261,7,0,3.5,0,0,0,23.14,0.0
1262,7,0,3.5,0,0,0,24.14,0.0
1263,7,0,3.5,0,0,0,25.14,0.0
1264,7,0,3.5,0,0,0,26.14,0.0
1265,7,0,3.5,0,0,0,27.14,0.0
1266,7,0,3.5,0,0,0,28.14,0.0
1267,6,0,3.0,0,0,0,28.17,0.0
1268,5,0,2.5,0,0,0,23.67,0.0
1269,4,0,2.0,0,0,0,19.0,0.0
1270,3,0,1.5,0,0,0,17.2,0.0
1271,2,0,1.0,0,0,0,11.6,0.0
1272,1,0,0.5,0,0,0,5.8,0.0
1273,0,0,0.0,0,0,0,0.0,0.0
1274,0,0,0.0,0,0,0,0.0,0.0
1275,0,0,0.0,0,0,1,0.0,0.0
1276,0,0,0.0,0,0,1,0.0,0.0
1277,0,0,0.0,1,0,0,0.0,0.0
1278,0,0,0.0,0,0,1,0.0,0.0
1279,0,0,0.0,0,0,0,0.0,0.0
1280,0,0,0.0,1,0,0,0.0,0.0
1281,0,0,0.0,0,0,1,0.0,0.0
1282,0,0,0.0,1,0,0,0.0,0.0
1283,0,0,0.0,0,0,1,0.0,0.0
1284,0,0,0.0,1,0,0,0.0,0.0
1285,0,0,0.0,0,0,1,0.0,0.0
1286,0,0,0.0,1,0,1,0.0,0.0
1287,0,0,0.0,0,0,0,0.0,0.0
1288,0,0,0.0,1,0,1,0.0,0.0
1289,0,0,0.0,0,0,0,0.0,0.0
1290,0,0,0.0,1,0,1,0.0,0.0
1291,0,0,0.0,0,0,1,0.0,0.0
1292,0,0,0.0,1,0,0,0.0,0.0
1293,0,0,0.0,0,0,1,0.0,0.0
1294,0,0,0.0,1,0,0,0.0,0.0
1295,0,0,0.0,0,0,1,0.0,0.0
1296,0,0,0.0,1,0,0,0.0,0.0
1297,0,0,0.0,0,0,1,0.0,0.0
1298,0,0,0.0,1,0,0,0.0,0.0
1299,0,0,0.0,1,0,1,0.0,0.0
1300,0,0,0.0,0,0,0,0.0,0.0
1301,1,0,0.5,1,0,0,0.2,0.0
1302,1,0,0.5,0,0,1,0.4,0.0
1303,2,0,1.0,1,0,0,0.67,0.0
1304,2,0,1.0,0,0,0,1.0,0.0
1305,2,0,1.0,0,0,0,1.33,0.0
1306,2,0,1.0,0,0,0,1.67,0.0
1307,4,0,2.0,1,0,0,2.0,0.0
1308,3,0,1.5,0,0,0,2.29,0.0
1309,4,0,2.0,0,0,0,2.86,0.0
1310,5,0,2.5,0,0,0,3.57,0.0
1311,6,0,3.0,0,0,0,4.43,0.0
1312,7,0,3.5,0,0,0,5.43,0.0
1313,7,0,3.5,0,0,0,6.43,0.0
1314,7,0,3.5,0,0,0,7.43,0.0
1315,7,0,3.5,0,0,0,8.43,0.0
1316,7,0,3.5,0,0,0,9.43,0.0
1317,7,0,3.5,0,0,0,10.43,0.0
1318,7,0,3.5,0,0,0,11.43,0.0
1319,7,0,3.5,0,0,0,12.43,0.0
1320,7,0,3.5,0,0,0,13.43,0.0
1321,7,0,3.5,0,0,0,14.43,0.0
1322,7,0,3.5,0,0,0,15.43,0.0
1323,7,0,3.5,0,0,0,16.43,0.0
1324,7,0,3.5,0,0,0,17.43,0.0
1325,7,0,3.5,0,0,0,18.43,0.0
1326,7,0,3.5,0,0,0,19.43,0.0
1327,7,0,3.5,0,0,0,20.43,0.0
1328,7,0,3.5,0,0,0,21.43,0.0
1329,7,0,3.5,0,0,0,22.43,0.0
1330,7,0,3.5,0,0,0,23.43,0.0
1331,7,0,3.5,0,0,0,24.43,0.0
1332,7,0,3.5,0,0,0,25.43,0.0
1333,6,0,3.0,0,0,0,25.33,0.0
1334,5,0,2.5,0,0,0,21.0,0.0
1335,4,0,2.0,0,0,0,17.0,0.0
1336,3,0,1.5,0,0,0,15.6,0.0
1337,2,0,1.0,0,0,0,10.6,0.0
1338,1,0,0.5,0,0,0,5.4,0.0
1339,0,0,0.0,0,0,0,0.0,0.0
1340,0,0,0.0,0,0,0,0.0,0.0
1341,0,0,0.0,0,0,1,0.0,0.0
1342,0,0,0.0,0,0,0,0.0,0.0
1343,0,0,0.0,0,0,1,0.0,0.0
1344,0,0,0.0,1,0,1,0.0,0.0
1345,0,0,0.0,0,0,0,0.0,0.0
1346,0,0,0.0,0,0,0,0.0,0.0
1347,0,0,0.0,1,0,1,0.0,0.0
1348,0,0,0.0,0,0,0,0.0,0.0
1349,0,0,0.0,1,0,1,0.0,0.0
1350,0,0,0.0,0,0,1,0.0,0.0
1351,0,0,0.0,1,0,0,0.0,0.0
1352,0,0,0.0,0,0,1,0.0,0.0
1353,0,0,0.0,1,0,0,0.0,0.0
1354,0,0,0.0,0,0,1,0.0,0.0
1355,0,0,0.0,1,0,0,0.0,0.0
1356,0,0,0.0,0,0,0,0.0,0.0
1357,0,0,0.0,1,0,1,0.0,0.0
1358,0,0,0.0,0,0,0,0.0,0.0
1359,0,0,0.0,1,0,1,0.0,0.0
1360,0,0,0.0,0,0,0,0.0,0.0
1361,0,0,0.0,1,0,1,0.0,0.0
1362,0,0,0.0,0,0,0,0.0,0.0
1363,0,0,0.0,1,0,1,0.0,0.0
1364,0,0,0.0,0,0,1,0.0,0.0
1365,0,0,0.0,1,0,0,0.0,0.0
1366,0,0,0.0,1,0,1,0.0,0.0
1367,0,0,0.0,0,0,0,0.0,0.0
1368,1,0,0.5,1,0,1,0.2,0.0
1369,2,0,1.0,0,0,0,0.6,0.0
1370,2,0,1.0,1,0,0,0.83,0.0
1371,3,0,1.5,0,0,0,1.33,0.0
1372,4,0,2.0,0,0,0,2.0,0.0
1373,4,0,2.0,1,0,0,2.29,0.0
1374,5,0,2.5,0,0,0,3.0,0.0
1375,5,0,2.5,0,0,0,3.71,0.0
1376,6,0,3.0,0,0,0,4.57,0.0
1377,6,0,3.0,0,0,0,5.43,0.0
1378,7,0,3.5,0,0,0,6.43,0.0
1379,7,0,3.5,0,0,0,7.43,0.0
1380,7,0,3.5,0,0,0,8.43,0.0
1381,7,0,3.5,0,0,0,9.43,0.0
1382,7,0,3.5,0,0,0,10.43,0.0
1383,7,0,3.5,0,0,0,11.43,0.0
1384,7,0,3.5,0,0,0,12.43,0.0
1385,7,0,3.5,0,0,0,13.43,0.0
1386,7,0,3.5,0,0,0,14.43,0.0
1387,7,0,3.5,0,0,0,15.43,0.0
1388,7,0,3.5,0,0,0,16.43,0.0
1389,7,0,3.5,0,0,0,17.43,0.0
1390,7,0,3.5,0,0,0,18.43,0.0
1391,7,0,3.5,0,0,0,19.43,0.0
1392,7,0,3.5,0,0,0,20.43,0.0
1393,7,0,3.5,0,0,0,21.43,0.0
1394,7,0,3.5,0,0,0,22.43,0.0
1395,7,0,3.5,0,0,0,23.43,0.0
1396,7,0,3.5,0,0,0,24.43,0.0
1397,7,0,3.5,0,0,0,25.43,0.0
1398,7,0,3.5,0,0,0,26.43,0.0
1399,6,0,3.0,0,0,0,26.67,0.0
1400,5,0,2.5,0,0,0,22.33,0.0
1401,4,0,2.0,0,0,0,18.0,0.0
1402,3,0,1.5,0,0,0,16.2,0.0
1403,2,0,1.0,0,0,0,10.8,0.0
1404,1,0,0.5,0,0,0,5.4,0.0
1405,0,0,0.0,0,0,0,0.0,0.0
1406,0,0,0.0,0,0,1,0.0,0.0
1407,0,0,0.0,0,0,0,0.0,0.0
1408,0,0,0.0,0,0,0,0.0,0.0
1409,0,0,0.0,1,0,1,0.0,0.0
1410,0,0,0.0,0,0,0,0.0,0.0
1411,0,0,0.0,0,0,1,0.0,0.0
1412,0,0,0.0,1,0,0,0.0,0.0
1413,0,0,0.0,0,0,1,0.0,0.0
1414,0,0,0.0,1,0,0,0.0,0.0
1415,0,0,0.0,0,0,1,0.0,0.0
1416,0,0,0.0,1,0,0,0.0,0.0
1417,0,0,0.0,0,0,0,0.0,0.0
1418,0,0,0.0,1,0,1,0.0,0.0
1419,0,0,0.0,0,0,0,0.0,0.0
1420,0,0,0.0,1,0,1,0.0,0.0
1421,0,0,0.0,0,0,0,0.0,0.0
1422,0,0,0.0,1,0,1,0.0,0.0
1423,0,0,0.0,0,0,1,0.0,0.0
1424,0,0,0.0,1,0,0,0.0,0.0
1425,0,0,0.0,0,0,1,0.0,0.0
1426,0,0,0.0,1,0,0,0.0,0.0
1427,0,0,0.0,0,0,1,0.0,0.0
1428,0,0,0.0,1,0,0,0.0,0.0
1429,0,0,0.0,0,0,1,0.0,0.0
1430,0,0,0.0,1,0,1,0.0,0.0
1431,0,0,0.0,1,0,0,0.0,0.0
1432,0,0,0.0,0,0,1,0.0,0.0
1433,1,0,0.5,1,0,0,0.2,0.0
1434,1,0,0.5,0,0,1,0.4,0.0
1435,2,0,1.0,1,0,0,0.67,0.0
1436,2,0,1.0,0,0,0,1.0,0.0
1437,3,0,1.5,0,0,0,1.5,0.0
1438,3,0,1.5,1,0,0,1.71,0.0
1439,4,0,2.0,0,0,0,2.29,0.0
1440,5,0,2.5,0,0,0,3.0,0.0
1441,5,0,2.5,0,0,0,3.71,0.0
1442,6,0,3.0,0,0,0,4.57,0.0
1443,6,0,3.0,0,0,0,5.43,0.0
1444,7,0,3.5,0,0,0,6.43,0.0
1445,7,0,3.5,0,0,0,7.43,0.0
1446,7,0,3.5,0,0,0,8.43,0.0
1447,7,0,3.5,0,0,0,9.43,0.0
1448,7,0,3.5,0,0,0,10.43,0.0
1449,7,0,3.5,0,0,0,11.43,0.0
1450,7,0,3.5,0,0,0,12.43,0.0
1451,7,0,3.5,0,0,0,13.43,0.0
1452,7,0,3.5,0,0,0,14.43,0.0
1453,7,0,3.5,0,0,0,15.43,0.0
1454,7,0,3.5,0,0,0,16.43,0.0
1455,7,0,3.5,0,0,0,17.43,0.0
1456,7,0,3.5,0,0,0,18.43,0.0
1457,7,0,3.5,0,0,0,19.43,0.0
1458,7,0,3.5,0,0,0,20.43,0.0
1459,7,0,3.5,0,0,0,21.43,0.0
1460,7,0,3.5,0,0,0,22.43,0.0
1461,7,0,3.5,0,0,0,23.43,0.0
1462,7,0,3.5,0,0,0,24.43,0.0
1463,7,0,3.5,0,0,0,25.43,0.0
1464,7,0,3.5,0,0,0,26.43,0.0
1465,6,0,3.0,0,0,0,26.5,0.0
1466,5,0,2.5,0,0,0,22.17,0.0
1467,4,0,2.0,0,0,0,17.83,0.0
1468,3,0,1.5,0,0,0,16.2,0.0
1469,2,0,1.0,0,0,0,10.8,0.0
1470,1,0,0.5,0,0,0,5.4,0.0
1471,0,0,0.0,0,0,0,0.0,0.0
1472,0,0,0.0,0,0,0,0.0,0.0
1473,0,0,0.0,0,0,1,0.0,0.0
1474,0,0,0.0,0,0,0,0.0,0.0
1475,0,0,0.0,1,0,1,0.0,0.0
1476,0,0,0.0,0,0,0,0.0,0.0
1477,0,0,0.0,0,0,1,0.0,0.0
1478,0,0,0.0,1,0,0,0.0,0.0
1479,0,0,0.0,0,0,1,0.0,0.0
1480,0,0,0.0,1,0,0,0.0,0.0
1481,0,0,0.0,0,0,1,0.0,0.0
1482,0,0,0.0,1,0,0,0.0,0.0
1483,0,0,0.0,0,0,1,0.0,0.0
1484,0,0,0.0,1,0,0,0.0,0.0
1485,0,0,0.0,0,0,1,0.0,0.0
1486,0,0,0.0,1,0,1,0.0,0.0
1487,0,0,0.0,0,0,0,0.0,0.0
1488,0,0,0.0,1,0,0,0.0,0.0
1489,0,0,0.0,0,0,0,0.0,0.0
1490,0,0,0.0,1,0,1,0.0,0.0
1491,0,0,0.0,0,0,0,0.0,0.0
1492,0,0,0.0,1,0,1,0.0,0.0
1493,0,0,0.0,0,0,0,0.0,0.0
1494,0,0,0.0,1,0,1,0.0,0.0
1495,0,0,0.0,0,0,1,0.0,0.0
1496,0,0,0.0,1,0,0,0.0,0.0
1497,0,0,0.0,1,0,1,0.0,0.0
1498,0,0,0.0,0,0,0,0.0,0.0
1499,1,0,0.5,1,0,1,0.2,0.0
1500,1,0,0.5,0,0,0,0.4,0.0
1501,2,0,1.0,1,0,1,0.67,0.0
1502,2,0,1.0,0,0,0,1.0,0.0
1503,2,0,1.0,0,0,0,1.33,0.0
1504,3,0,1.5,1,0,0,1.57,0.0
1505,4,0,2.0,0,0,0,2.14,0.0
1506,4,0,2.0,0,0,0,2.71,0.0
1507,4,0,2.0,0,0,0,3.29,0.0
1508,5,0,2.5,0,0,0,4.0,0.0
1509,5,0,2.5,0,0,0,4.71,0.0
1510,6,0,3.0,0,0,0,5.57,0.0
1511,7,0,3.5,0,0,0,6.57,0.0
1512,7,0,3.5,0,0,0,7.57,0.0
1513,7,0,3.5,0,0,0,8.57,0.0
1514,7,0,3.5,0,0,0,9.57,0.0
1515,7,0,3.5,0,0,0,10.57,0.0
1516,7,0,3.5,0,0,0,11.57,0.0
1517,7,0,3.5,0,0,0,12.57,0.0
1518,7,0,3.5,0,0,0,13.57,0.0
1519,7,0,3.5,0,0,0,14.57,0.0
1520,7,0,3.5,0,0,0,15.57,0.0
1521,7,0,3.5,0,0,0,16.57,0.0
1522,7,0,3.5,0,0,0,17.57,0.0
1523,7,0,3.5,0,0,0,18.57,0.0
1524,7,0,3.5,0,0,0,19.57,0.0
1525,7,0,3.5,0,0,0,20.57,0.0
1526,7,0,3.5,0,0,0,21.57,0.0
1527,7,0,3.5,0,0,0,22.57,0.0
1528,7,0,3.5,0,0,0,23.57,0.0
1529,7,0,3.5,0,0,0,24.57,0.0
1530,7,0,3.5,0,0,0,25.57,0.0
1531,6,0,3.0,0,0,0,25.5,0.0
1532,5,0,2.5,0,0,0,21.17,0.0
1533,4,0,2.0,0,0,0,17.0,0.0
1534,3,0,1.5,0,0,0,15.2,0.0
1535,2,0,1.0,0,0,0,10.2,0.0
1536,1,0,0.5,0,0,0,5.2,0.0
1537,0,0,0.0,0,0,0,0.0,0.0
1538,0,0,0.0,0,0,0,0.0,0.0
1539,0,0,0.0,0,0,1,0.0,0.0
1540,0,0,0.0,0,0,0,0.0,0.0
1541,0,0,0.0,1,0,1,0.0,0.0
1542,0,0,0.0,0,0,0,0.0,0.0
1543,0,0,0.0,0,0,1,0.0,0.0
1544,0,0,0.0,1,0,0,0.0,0.0
1545,0,0,0.0,0,0,1,0.0,0.0
1546,0,0,0.0,1,0,1,0.0,0.0
1547,0,0,0.0,0,0,0,0.0,0.0
1548,0,0,0.0,1,0,1,0.0,0.0
1549,0,0,0.0,0,0,0,0.0,0.0
1550,0,0,0.0,1,0,1,0.0,0.0
1551,0,0,0.0,0,0,0,0.0,0.0
1552,0,0,0.0,1,0,1,0.0,0.0
1553,0,0,0.0,0,0,0,0.0,0.0
1554,0,0,0.0,1,0,1,0.0,0.0
1555,0,0,0.0,0,0,0,0.0,0.0
1556,0,0,0.0,1,0,1,0.0,0.0
1557,0,0,0.0,0,0,0,0.0,0.0
1558,0,0,0.0,1,0,1,0.0,0.0
1559,0,0,0.0,0,0,0,0.0,0.0
1560,0,0,0.0,1,0,1,0.0,0.0
1561,0,0,0.0,0,0,1,0.0,0.0
1562,0,0,0.0,1,0,0,0.0,0.0
1563,0,0,0.0,1,0,0,0.0,0.0
1564,0,0,0.0,0,0,1,0.0,0.0
1565,1,0,0.5,1,0,1,0.2,0.0
1566,1,0,0.5,0,0,0,0.4,0.0
1567,2,0,1.0,1,0,0,0.67,0.0
1568,3,0,1.5,0,0,0,1.17,0.0
1569,4,0,2.0,0,0,0,1.83,0.0
1570,4,0,2.0,1,0,0,2.14,0.0
1571,5,0,2.5,0,0,0,2.86,0.0
1572,5,0,2.5,0,0,0,3.57,0.0
1573,6,0,3.0,0,0,0,4.43,0.0
1574,6,0,3.0,0,0,0,5.29,0.0
1575,7,0,3.5,0,0,0,6.29,0.0
1576,7,0,3.5,0,0,0,7.29,0.0
1577,7,0,3.5,0,0,0,8.29,0.0
1578,7,0,3.5,0,0,0,9.29,0.0
1579,7,0,3.5,0,0,0,10.29,0.0
1580,7,0,3.5,0,0,0,11.29,0.0
1581,7,0,3.5,0,0,0,12.29,0.0
1582,7,0,3.5,0,0,0,13.29,0.0
1583,7,0,3.5,0,0,0,14.29,0.0
1584,7,0,3.5,0,0,0,15.29,0.0
1585,7,0,3.5,0,0,0,16.29,0.0
1586,7,0,3.5,0,0,0,17.29,0.0
1587,7,0,3.5,0,0,0,18.29,0.0
1588,7,0,3.5,0,0,0,19.29,0.0
1589,7,0,3.5,0,0,0,20.29,0.0
1590,7,0,3.5,0,0,0,21.29,0.0
1591,7,0,3.5,0,0,0,22.29,0.0
1592,7,0,3.5,0,0,0,23.29,0.0
1593,7,0,3.5,0,0,0,24.29,0.0
1594,7,0,3.5,0,0,0,25.29,0.0
1595,7,0,3.5,0,0,0,26.29,0.0
1596,7,0,3.5,0,0,0,27.29,0.0
1597,6,0,3.0,0,0,0,27.5,0.0
1598,5,0,2.5,0,0,0,23.17,0.0
1599,4,0,2.0,0,0,0,18.67,0.0
1600,3,0,1.5,0,0,0,16.8,0.0
1601,2,0,1.0,0,0,0,11.2,0.0
1602,1,0,0.5,0,0,0,5.6,0.0
1603,0,0,0.0,0,0,0,0.0,0.0
1604,0,0,0.0,0,0,0,0.0,0.0
1605,0,0,0.0,0,0,1,0.0,0.0
1606,0,0,0.0,0,0,0,0.0,0.0
1607,0,0,0.0,1,0,1,0.0,0.0
1608,0,0,0.0,0,0,0,0.0,0.0
1609,0,0,0.0,0,0,1,0.0,0.0
1610,0,0,0.0,1,0,0,0.0,0.0
1611,0,0,0.0,0,0,1,0.0,0.0
1612,0,0,0.0,1,0,0,0.0,0.0
1613,0,0,0.0,0,0,1,0.0,0.0
1614,0,0,0.0,1,0,1,0.0,0.0
1615,0,0,0.0,0,0,0,0.0,0.0
1616,0,0,0.0,1,0,0,0.0,0.0
1617,0,0,0.0,0,0,1,0.0,0.0
1618,0,0,0.0,1,0,1,0.0,0.0
1619,0,0,0.0,0,0,0,0.0,0.0
1620,0,0,0.0,1,0,1,0.0,0.0
1621,0,0,0.0,0,0,0,0.0,0.0
1622,0,0,0.0,1,0,1,0.0,0.0
1623,0,0,0.0,1,0,0,0.0,0.0
1624,0,0,0.0,0,0,1,0.0,0.0
1625,0,0,0.0,0,0,0,0.0,0.0
1626,0,0,0.0,1,0,1,0.0,0.0
1627,0,0,0.0,0,0,0,0.0,0.0
1628,0,0,0.0,1,0,1,0.0,0.0
1629,0,0,0.0,0,0,0,0.0,0.0
1630,0,0,0.0,1,0,1,0.0,0.0
1631,0,0,0.0,0,0,1,0.0,0.0
1632,1,0,0.5,1,0,0,0.2,0.0
1633,1,0,0.5,0,0,0,0.4,0.0
1634,2,0,1.0,1,0,0,0.67,0.0
1635,2,0,1.0,0,0,0,1.0,0.0
1636,3,0,1.5,0,0,0,1.5,0.0
1637,4,0,2.0,1,0,0,1.86,0.0
1638,4,0,2.0,0,0,0,2.43,0.0
1639,4,0,2.0,0,0,0,3.0,0.0
1640,5,0,2.5,0,0,0,3.71,0.0
1641,6,0,3.0,0,0,0,4.57,0.0
1642,6,0,3.0,0,0,0,5.43,0.0
1643,7,0,3.5,0,0,0,6.43,0.0
1644,7,0,3.5,0,0,0,7.43,0.0
1645,7,0,3.5,0,0,0,8.43,0.0
1646,7,0,3.5,0,0,0,9.43,0.0
1647,7,0,3.5,0,0,0,10.43,0.0
1648,7,0,3.5,0,0,0,11.43,0.0
1649,7,0,3.5,0,0,0,12.43,0.0
1650,7,0,3.5,0,0,0,13.43,0.0
1651,7,0,3.5,0,0,0,14.43,0.0
1652,7,0,3.5,0,0,0,15.43,0.0
1653,7,0,3.5,0,0,0,16.43,0.0
1654,7,0,3.5,0,0,0,17.43,0.0
1655,7,0,3.5,0,0,0,18.43,0.0
1656,7,0,3.5,0,0,0,19.43,0.0
1657,7,0,3.5,0,0,0,20.43,0.0
1658,7,0,3.5,0,0,0,21.43,0.0
1659,7,0,3.5,0,0,0,22.43,0.0
1660,7,0,3.5,0,0,0,23.43,0.0
1661,7,0,3.5,0,0,0,24.43,0.0
1662,7,0,3.5,0,0,0,25.43,0.0
1663,6,0,3.0,0,0,0,25.5,0.0
1664,5,0,2.5,0,0,0,21.33,0.0
1665,4,0,2.0,0,0,0,17.17,0.0
1666,3,0,1.5,0,0,0,15.4,0.0
1667,2,0,1.0,0,0,0,10.4,0.0
1668,1,0,0.5,0,0,0,5.2,0.0
1669,0,0,0.0,0,0,0,0.0,0.0
1670,0,0,0.0,0,0,0,0.0,0.0
1671,0,0,0.0,0,0,0,0.0,0.0
1672,0,0,0.0,0,0,0,0.0,0.0
1673,0,0,0.0,1,0,1,0.0,0.0
1674,0,0,0.0,0,0,1,0.0,0.0
1675,0,0,0.0,0,0,0,0.0,0.0
1676,0,0,0.0,1,0,1,0.0,0.0
1677,0,0,0.0,0,0,0,0.0,0.0
1678,0,0,0.0,1,0,1,0.0,0.0
1679,0,0,0.0,0,0,0,0.0,0.0
1680,0,0,0.0,1,0,1,0.0,0.0
1681,0,0,0.0,0,0,1,0.0,0.0
1682,0,0,0.0,1,0,0,0.0,0.0
1683,0,0,0.0,0,0,1,0.0,0.0
1684,0,0,0.0,1,0,0,0.0,0.0
1685,0,0,0.0,0,0,1,0.0,0.0
1686,0,0,0.0,1,0,1,0.0,0.0
1687,0,0,0.0,0,0,0,0.0,0.0
1688,0,0,0.0,1,0,1,0.0,0.0
1689,0,0,0.0,0,0,0,0.0,0.0
1690,0,0,0.0,1,0,1,0.0,0.0
1691,0,0,0.0,0,0,0,0.0,0.0
1692,0,0,0.0,1,0,0,0.0,0.0
1693,0,0,0.0,0,0,1,0.0,0.0
1694,0,0,0.0,1,0,1,0.0,0.0
1695,0,0,0.0,0,0,0,0.0,0.0
1696,0,0,0.0,1,0,1,0.0,0.0
1697,0,0,0.0,0,0,0,0.0,0.0
1698,0,0,0.0,1,0,1,0.0,0.0
1699,1,0,0.5,0,0,0,0.2,0.0
1700,2,0,1.0,1,0,0,0.5,0.0
1701,2,0,1.0,0,0,0,0.83,0.0
1702,3,0,1.5,0,0,0,1.33,0.0
1703,3,0,1.5,1,0,0,1.57,0.0
1704,4,0,2.0,0,0,0,2.14,0.0
1705,4,0,2.0,0,0,0,2.71,0.0
1706,5,0,2.5,0,0,0,3.43,0.0
1707,5,0,2.5,0,0,0,4.14,0.0
1708,6,0,3.0,0,0,0,5.0,0.0
1709,6,0,3.0,0,0,0,5.86,0.0
1710,7,0,3.5,0,0,0,6.86,0.0
1711,7,0,3.5,0,0,0,7.86,0.0
1712,7,0,3.5,0,0,0,8.86,0.0
1713,7,0,3.5,0,0,0,9.86,0.0
1714,7,0,3.5,0,0,0,10.86,0.0
1715,7,0,3.5,0,0,0,11.86,0.0
1716,7,0,3.5,0,0,0,12.86,0.0
1717,7,0,3.5,0,0,0,13.86,0.0
1718,7,0,3.5,0,0,0,14.86,0.0
1719,7,0,3.5,0,0,0,15.86,0.0
1720,7,0,3.5,0,0,0,16.86,0.0
1721,7,0,3.5,0,0,0,17.86,0.0
1722,7,0,3.5,0,0,0,18.86,0.0
1723,7,0,3.5,0,0,0,19.86,0.0
1724,7,0,3.5,0,0,0,20.86,0.0
1725,7,0,3.5,0,0,0,21.86,0.0
1726,7,0,3.5,0,0,0,22.86,0.0
1727,7,0,3.5,0,0,0,23.86,0.0
1728,7,0,3.5,0,0,0,24.86,0.0
1729,6,0,3.0,0,0,0,25.0,0.0
1730,5,0,2.5,0,0,0,20.83,0.0
1731,4,0,2.0,0,0,0,16.67,0.0
1732,3,0,1.5,0,0,0,15.0,0.0
1733,2,0,1.0,0,0,0,10.0,0.0
1734,1,0,0.5,0,0,0,5.0,0.0
1735,0,0,0.0,0,0,0,0.0,0.0
1736,0,0,0.0,0,0,0,0.0,0.0
1737,0,0,0.0,0,0,1,0.0,0.0
1738,0,0,0.0,0,0,0,0.0,0.0
1739,0,0,0.0,0,0,1,0.0,0.0
1740,0,0,0.0,1,0,0,0.0,0.0
1741,0,0,0.0,0,0,1,0.0,0.0
1742,0,0,0.0,1,0,0,0.0,0.0
1743,0,0,0.0,0,0,1,0.0,0.0
1744,0,0,0.0,0,0,0,0.0,0.0
1745,0,0,0.0,1,0,1,0.0,0.0
1746,0,0,0.0,0,0,0,0.0,0.0
1747,0,0,0.0,1,0,1,0.0,0.0
1748,0,0,0.0,0,0,0,0.0,0.0
1749,0,0,0.0,1,0,1,0.0,0.0
1750,0,0,0.0,0,0,0,0.0,0.0
1751,0,0,0.0,1,0,1,0.0,0.0
1752,0,0,0.0,0,0,0,0.0,0.0
1753,0,0,0.0,1,0,1,0.0,0.0
1754,0,0,0.0,0,0,0,0.0,0.0
1755,0,0,0.0,1,0,1,0.0,0.0
1756,0,0,0.0,0,0,1,0.0,0.0
1757,0,0,0.0,1,0,0,0.0,0.0
1758,0,0,0.0,0,0,1,0.0,0.0
1759,0,0,0.0,1,0,0,0.0,0.0
1760,0,0,0.0,0,0,0,0.0,0.0
1761,0,0,0.0,1,0,1,0.0,0.0
1762,0,0,0.0,0,0,0,0.0,0.0
1763,0,0,0.0,1,0,1,0.0,0.0
1764,0,0,0.0,0,0,0,0.0,0.0
1765,1,0,0.5,1,0,1,0.2,0.0
1766,1,0,0.5,0,0,0,0.4,0.0
1767,2,0,1.0,1,0,0,0.67,0.0
1768,2,0,1.0,0,0,0,1.0,0.0
1769,3,0,1.5,0,0,0,1.5,0.0
1770,4,0,2.0,1,0,0,1.86,0.0
1771,4,0,2.0,0,0,0,2.43,0.0
1772,5,0,2.5,0,0,0,3.14,0.0
1773,6,0,3.0,0,0,0,4.0,0.0
1774,6,0,3.0,0,0,0,4.86,0.0
1775,7,0,3.5,0,0,0,5.86,0.0
1776,7,0,3.5,0,0,0,6.86,0.0
1777,7,0,3.5,0,0,0,7.86,0.0
1778,7,0,3.5,0,0,0,8.86,0.0
1779,7,0,3.5,0,0,0,9.86,0.0
1780,7,0,3.5,0,0,0,10.86,0.0
1781,7,0,3.5,0,0,0,11.86,0.0
1782,7,0,3.5,0,0,0,12.86,0.0
1783,7,0,3.5,0,0,0,13.86,0.0
1784,7,0,3.5,0,0,0,14.86,0.0
1785,7,0,3.5,0,0,0,15.86,0.0
1786,7,0,3.5,0,0,0,16.86,0.0
1787,7,0,3.5,0,0,0,17.86,0.0
1788,7,0,3.5,0,0,0,18.86,0.0
1789,7,0,3.5,0,0,0,19.86,0.0
1790,7,0,3.5,0,0,0,20.86,0.0
1791,7,0,3.5,0,0,0,21.86,0.0
1792,7,0,3.5,0,0,0,22.86,0.0
1793,7,0,3.5,0,0,0,23.86,0.0
1794,7,0,3.5,0,0,0,24.86,0.0
1795,6,0,3.0,0,0,0,25.0,0.0
1796,5,0,2.5,0,0,0,21.0,0.0
1797,4,0,2.0,0,0,0,17.0,0.0
1798,3,0,1.5,0,0,0,12.83,0.0
1799,2,0,1.0,0,0,0,10.4,0.0
1800,1,0,0.5,0,0,0,5.2,0.0
1801,0,0,0.0,0,0,0,0.0,0.0
1802,0,0,0.0,0,0,0,0.0,0.0
1803,0,0,0.0,0,0,1,0.0,0.0
1804,0,0,0.0,0,0,0,0.0,0.0
1805,0,0,0.0,1,0,1,0.0,0.0
1806,0,0,0.0,0,0,0,0.0,0.0
1807,0,0,0.0,0,0,1,0.0,0.0
1808,0,0,0.0,1,0,0,0.0,0.0
1809,0,0,0.0,0,0,1,0.0,0.0
1810,0,0,0.0,1,0,0,0.0,0.0
1811,0,0,0.0,0,0,1,0.0,0.0
1812,0,0,0.0,1,0,0,0.0,0.0
1813,0,0,0.0,0,0,1,0.0,0.0
1814,0,0,0.0,1,0,0,0.0,0.0
1815,0,0,0.0,0,0,1,0.0,0.0
1816,0,0,0.0,1,0,1,0.0,0.0
1817,0,0,0.0,0,0,0,0.0,0.0
1818,0,0,0.0,1,0,1,0.0,0.0
1819,0,0,0.0,0,0,0,0.0,0.0
1820,0,0,0.0,1,0,1,0.0,0.0
1821,0,0,0.0,0,0,0,0.0,0.0
1822,0,0,0.0,1,0,1,0.0,0.0
1823,0,0,0.0,0,0,0,0.0,0.0
1824,0,0,0.0,1,0,1,0.0,0.0
1825,0,0,0.0,0,0,1,0.0,0.0
1826,0,0,0.0,1,0,0,0.0,0.0
1827,0,0,0.0,1,0,0,0.0,0.0
1828,0,0,0.0,0,0,0,0.0,0.0
1829,0,0,0.0,1,0,1,0.0,0.0
1830,1,0,0.5,0,0,0,0.2,0.0
1831,1,0,0.5,1,0,1,0.33,0.0
1832,2,0,1.0,0,0,0,0.67,0.0
1833,2,0,1.0,0,0,0,1.0,0.0
1834,3,0,1.5,1,0,0,1.29,0.0
1835,3,0,1.5,0,0,0,1.71,0.0
1836,3,0,1.5,0,0,0,2.14,0.0
1837,4,0,2.0,0,0,0,2.71,0.0
1838,5,0,2.5,0,0,0,3.43,0.0
1839,6,0,3.0,0,0,0,4.29,0.0
1840,7,0,3.5,0,0,0,5.29,0.0
1841,7,0,3.5,0,0,0,6.29,0.0
1842,7,0,3.5,0,0,0,7.29,0.0
1843,7,0,3.5,0,0,0,8.29,0.0
1844,7,0,3.5,0,0,0,9.29,0.0
1845,7,0,3.5,0,0,0,10.29,0.0
1846,7,0,3.5,0,0,0,11.29,0.0
1847,7,0,3.5,0,0,0,12.29,0.0
1848,7,0,3.5,0,0,0,13.29,0.0
1849,7,0,3.5,0,0,0,14.29,0.0
1850,7,0,3.5,0,0,0,15.29,0.0
1851,7,0,3.5,0,0,0,16.29,0.0
1852,7,0,3.5,0,0,0,17.29,0.0
1853,7,0,3.5,0,0,0,18.29,0.0
1854,7,0,3.5,0,0,0,19.29,0.0
1855,7,0,3.5,0,0,0,20.29,0.0
1856,7,0,3.5,0,0,0,21.29,0.0
1857,7,0,3.5,0,0,0,22.29,0.0
1858,7,0,3.5,0,0,0,23.29,0.0
1859,7,0,3.5,0,0,0,24.29,0.0
1860,7,0,3.5,0,0,0,25.29,0.0
1861,6,0,3.0,0,0,0,25.33,0.0
1862,5,0,2.5,0,0,0,21.17,0.0
1863,4,0,2.0,0,0,0,17.0,0.0
1864,3,0,1.5,0,0,0,13.0,0.0
1865,2,0,1.0,0,0,0,10.6,0.0
1866,1,0,0.5,0,0,0,5.4,0.0
1867,0,0,0.0,0,0,0,0.0,0.0
1868,0,0,0.0,0,0,0,0.0,0.0
1869,0,0,0.0,0,0,1,0.0,0.0
1870,0,0,0.0,0,0,0,0.0,0.0
1871,0,0,0.0,1,0,0,0.0,0.0
1872,0,0,0.0,0,0,1,0.0,0.0
1873,0,0,0.0,0,0,1,0.0,0.0
1874,0,0,0.0,1,0,0,0.0,0.0
1875,0,0,0.0,0,0,1,0.0,0.0
1876,0,0,0.0,1,0,0,0.0,0.0
1877,0,0,0.0,0,0,1,0.0,0.0
1878,0,0,0.0,1,0,0,0.0,0.0
1879,0,0,0.0,0,0,1,0.0,0.0
1880,0,0,0.0,1,0,0,0.0,0.0
1881,0,0,0.0,0,0,1,0.0,0.0
1882,0,0,0.0,1,0,1,0.0,0.0
1883,0,0,0.0,0,0,0,0.0,0.0
1884,0,0,0.0,1,0,1,0.0,0.0
1885,0,0,0.0,0,0,0,0.0,0.0
1886,0,0,0.0,1,0,1,0.0,0.0
1887,0,0,0.0,0,0,0,0.0,0.0
1888,0,0,0.0,1,0,1,0.0,0.0
1889,0,0,0.0,0,0,0,0.0,0.0
1890,0,0,0.0,1,0,1,0.0,0.0
1891,0,0,0.0,0,0,0,0.0,0.0
1892,0,0,0.0,1,0,1,0.0,0.0
1893,0,0,0.0,1,0,0,0.0,0.0
1894,1,0,0.5,1,0,1,0.2,0.0
1895,1,0,0.5,0,0,1,0.4,0.0
1896,1,0,0.5,0,0,0,0.6,0.0
1897,2,0,1.0,1,0,0,0.83,0.0
1898,2,0,1.0,0,0,0,1.17,0.0
1899,3,0,1.5,0,0,0,1.67,0.0
1900,4,0,2.0,1,0,0,2.0,0.0
1901,5,0,2.5,0,0,0,2.71,0.0
1902,5,0,2.5,0,0,0,3.43,0.0
1903,5,0,2.5,0,0,0,4.14,0.0
1904,6,0,3.0,0,0,0,5.0,0.0
1905,7,0,3.5,0,0,0,6.0,0.0
1906,7,0,3.5,0,0,0,7.0,0.0
1907,7,0,3.5,0,0,0,8.0,0.0
1908,7,0,3.5,0,0,0,9.0,0.0
1909,7,0,3.5,0,0,0,10.0,0.0
1910,7,0,3.5,0,0,0,11.0,0.0
1911,7,0,3.5,0,0,0,12.0,0.0
1912,7,0,3.5,0,0,0,13.0,0.0
1913,7,0,3.5,0,0,0,14.0,0.0
1914,7,0,3.5,0,0,0,15.0,0.0
1915,7,0,3.5,0,0,0,16.0,0.0
1916,7,0,3.5,0,0,0,17.0,0.0
1917,7,0,3.5,0,0,0,18.0,0.0
1918,7,0,3.5,0,0,0,19.0,0.0
1919,7,0,3.5,0,0,0,20.0,0.0
1920,7,0,3.5,0,0,0,21.0,0.0
1921,7,0,3.5,0,0,0,22.0,0.0
1922,7,0,3.5,0,0,0,23.0,0.0
1923,7,0,3.5,0,0,0,24.0,0.0
1924,7,0,3.5,0,0,0,25.0,0.0
1925,7,0,3.5,0,0,0,26.0,0.0
1926,7,0,3.5,0,0,0,27.0,0.0
1927,6,0,3.0,0,0,0,27.0,0.0
1928,5,0,2.5,0,0,0,22.67,0.0
1929,4,0,2.0,0,0,0,18.33,0.0
1930,3,0,1.5,0,0,0,16.6,0.0
1931,2,0,1.0,0,0,0,11.0,0.0
1932,1,0,0.5,0,0,0,7.0,0.0
1933,0,0,0.0,0,0,0,0.0,0.0
1934,0,0,0.0,0,0,0,0.0,0.0
1935,0,0,0.0,0,0,1,0.0,0.0
1936,0,0,0.0,0,0,0,0.0,0.0
1937,0,0,0.0,1,0,1,0.0,0.0
1938,0,0,0.0,0,0,0,0.0,0.0
1939,0,0,0.0,0,0,1,0.0,0.0
1940,0,0,0.0,1,0,1,0.0,0.0
1941,0,0,0.0,0,0,0,0.0,0.0
1942,0,0,0.0,1,0,1,0.0,0.0
1943,0,0,0.0,0,0,0,0.0,0.0
1944,0,0,0.0,1,0,1,0.0,0.0
1945,0,0,0.0,0,0,0,0.0,0.0
1946,0,0,0.0,1,0,1,0.0,0.0
1947,0,0,0.0,0,0,0,0.0,0.0
1948,0,0,0.0,1,0,1,0.0,0.0
1949,0,0,0.0,0,0,0,0.0,0.0
1950,0,0,0.0,1,0,1,0.0,0.0
1951,0,0,0.0,0,0,0,0.0,0.0
1952,0,0,0.0,1,0,0,0.0,0.0
1953,0,0,0.0,0,0,1,0.0,0.0
1954,0,0,0.0,1,0,1,0.0,0.0
1955,0,0,0.0,0,0,0,0.0,0.0
1956,0,0,0.0,1,0,1,0.0,0.0
1957,0,0,0.0,0,0,0,0.0,0.0
1958,0,0,0.0,1,0,1,0.0,0.0
1959,0,0,0.0,1,0,0,0.0,0.0
1960,0,0,0.0,0,0,1,0.0,0.0
1961,1,0,0.5,1,0,0,0.2,0.0
1962,1,0,0.5,0,0,1,0.4,0.0
1963,1,0,0.5,1,0,0,0.5,0.0
1964,2,0,1.0,0,0,0,0.83,0.0
1965,3,0,1.5,0,0,0,1.33,0.0
1966,3,0,1.5,1,0,0,1.57,0.0
1967,3,0,1.5,0,0,0,2.0,0.0
1968,4,0,2.0,0,0,0,2.57,0.0
1969,5,0,2.5,0,0,0,3.29,0.0
1970,6,0,3.0,0,0,0,4.14,0.0
1971,6,0,3.0,0,0,0,5.0,0.0
1972,7,0,3.5,0,0,0,6.0,0.0
1973,7,0,3.5,0,0,0,7.0,0.0
1974,7,0,3.5,0,0,0,8.0,0.0
1975,7,0,3.5,0,0,0,9.0,0.0
1976,7,0,3.5,0,0,0,10.0,0.0
1977,7,0,3.5,0,0,0,11.0,0.0
1978,7,0,3.5,0,0,0,12.0,0.0
1979,7,0,3.5,0,0,0,13.0,0.0
1980,7,0,3.5,0,0,0,14.0,0.0
1981,7,0,3.5,0,0,0,15.0,0.0
1982,7,0,3.5,0,0,0,16.0,0.0
1983,7,0,3.5,0,0,0,17.0,0.0
1984,7,0,3.5,0,0,0,18.0,0.0
1985,7,0,3.5,0,0,0,19.0,0.0
1986,7,0,3.5,0,0,0,20.0,0.0
1987,7,0,3.5,0,0,0,21.0,0.0
1988,7,0,3.5,0,0,0,22.0,0.0
1989,7,0,3.5,0,0,0,23.0,0.0
1990,7,0,3.5,0,0,0,24.0,0.0
1991,7,0,3.5,0,0,0,25.0,0.0
1992,7,0,3.5,0,0,0,26.0,0.0
1993,6,0,3.0,0,0,0,26.0,0.0
1994,5,0,2.5,0,0,0,21.83,0.0
1995,4,0,2.0,0,0,0,17.5,0.0
1996,3,0,1.5,0,0,0,16.0,0.0
1997,2,0,1.0,0,0,0,10.8,0.0
1998,1,0,0.5,0,0,0,5.4,0.0
1999,0,0,0.0,0,0,0,0.0,0.0
2000,0,0,0.0,0,0,0,0.0,0.0
2001,0,0,0.0,0,0,1,0.0,0.0
2002,0,0,0.0,0,0,0,0.0,0.0
2003,0,0,0.0,1,0,1,0.0,0.0
2004,0,0,0.0,0,0,0,0.0,0.0
2005,0,0,0.0,1,0,1,0.0,0.0
2006,0,0,0.0,0,0,1,0.0,0.0
2007,0,0,0.0,1,0,0,0.0,0.0
2008,0,0,0.0,0,0,1,0.0,0.0
2009,0,0,0.0,1,0,0,0.0,0.0
2010,0,0,0.0,0,0,1,0.0,0.0
2011,0,0,0.0,1,0,0,0.0,0.0
2012,0,0,0.0,0,0,1,0.0,0.0
2013,0,0,0.0,1,0,1,0.0,0.0
2014,0,0,0.0,0,0,0,0.0,0.0
2015,0,0,0.0,1,0,1,0.0,0.0
2016,0,0,0.0,0,0,0,0.0,0.0
2017,0,0,0.0,1,0,1,0.0,0.0
2018,0,0,0.0,0,0,0,0.0,0.0
2019,0,0,0.0,1,0,1,0.0,0.0
2020,0,0,0.0,0,0,0,0.0,0.0
2021,0,0,0.0,1,0,1,0.0,0.0
2022,0,0,0.0,0,0,1,0.0,0.0
2023,0,0,0.0,1,0,0,0.0,0.0
2024,0,0,0.0,1,0,1,0.0,0.0
2025,0,0,0.0,0,0,0,0.0,0.0
2026,0,0,0.0,1,0,1,0.0,0.0
2027,1,0,0.5,0,0,0,0.2,0.0
2028,2,0,1.0,1,0,0,0.5,0.0
2029,3,0,1.5,0,0,0,1.0,0.0
2030,3,0,1.5,0,0,0,1.5,0.0
2031,3,0,1.5,1,0,0,1.71,0.0
2032,4,0,2.0,0,0,0,2.29,0.0
2033,5,0,2.5,0,0,0,3.0,0.0
2034,6,0,3.0,0,0,0,3.86,0.0
2035,6,0,3.0,0,0,0,4.71,0.0
2036,7,0,3.5,0,0,0,5.71,0.0
2037,7,0,3.5,0,0,0,6.71,0.0
2038,7,0,3.5,0,0,0,7.71,0.0
2039,7,0,3.5,0,0,0,8.71,0.0
2040,7,0,3.5,0,0,0,9.71,0.0
2041,7,0,3.5,0,0,0,10.71,0.0
2042,7,0,3.5,0,0,0,11.71,0.0
2043,7,0,3.5,0,0,0,12.71,0.0
2044,7,0,3.5,0,0,0,13.71,0.0
2045,7,0,3.5,0,0,0,14.71,0.0
2046,7,0,3.5,0,0,0,15.71,0.0
2047,7,0,3.5,0,0,0,16.71,0.0
2048,7,0,3.5,0,0,0,17.71,0.0
2049,7,0,3.5,0,0,0,18.71,0.0
2050,7,0,3.5,0,0,0,19.71,0.0
2051,7,0,3.5,0,0,0,20.71,0.0
2052,7,0,3.5,0,0,0,21.71,0.0
2053,7,0,3.5,0,0,0,22.71,0.0
2054,7,0,3.5,0,0,0,23.71,0.0
2055,7,0,3.5,0,0,0,24.71,0.0
2056,7,0,3.5,0,0,0,25.71,0.0
2057,7,0,3.5,0,0,0,26.71,0.0
2058,7,0,3.5,0,0,0,27.71,0.0
2059,6,0,3.0,0,0,0,28.0,0.0
2060,5,0,2.5,0,0,0,23.5,0.0
2061,4,0,2.0,0,0,0,18.83,0.0
2062,3,0,1.5,0,0,0,17.2,0.0
2063,2,0,1.0,0,0,0,11.6,0.0
2064,1,0,0.5,0,0,0,5.8,0.0
2065,0,0,0.0,0,0,0,0.0,0.0
2066,0,0,0.0,0,0,0,0.0,0.0
2067,0,0,0.0,0,0,1,0.0,0.0
2068,0,0,0.0,0,0,0,0.0,0.0
2069,0,0,0.0,1,0,1,0.0,0.0
2070,0,0,0.0,0,0,0,0.0,0.0
2071,0,0,0.0,1,0,1,0.0,0.0
2072,0,0,0.0,0,0,1,0.0,0.0
2073,0,0,0.0,0,0,0,0.0,0.0
2074,0,0,0.0,1,0,1,0.0,0.0
2075,0,0,0.0,0,0,0,0.0,0.0
2076,0,0,0.0,1,0,1,0.0,0.0
2077,0,0,0.0,0,0,0,0.0,0.0
2078,0,0,0.0,1,0,1,0.0,0.0
2079,0,0,0.0,0,0,0,0.0,0.0
2080,0,0,0.0,1,0,1,0.0,0.0
2081,0,0,0.0,0,0,0,0.0,0.0
2082,0,0,0.0,1,0,1,0.0,0.0
2083,0,0,0.0,0,0,1,0.0,0.0
2084,0,0,0.0,1,0,0,0.0,0.0
2085,0,0,0.0,0,0,0,0.0,0.0
2086,0,0,0.0,1,0,1,0.0,0.0
2087,0,0,0.0,0,0,0,0.0,0.0
2088,0,0,0.0,1,0,1,0.0,0.0
2089,0,0,0.0,0,0,0,0.0,0.0
2090,0,0,0.0,1,0,1,0.0,0.0
2091,0,0,0.0,1,0,0,0.0,0.0
2092,0,0,0.0,0,0,1,0.0,0.0
2093,1,0,0.5,1,0,0,0.2,0.0
2094,1,0,0.5,0,0,1,0.4,0.0
2095,2,0,1.0,1,0,0,0.67,0.0
2096,2,0,1.0,0,0,0,1.0,0.0
2097,3,0,1.5,0,0,0,1.5,0.0
2098,3,0,1.5,1,0,0,1.71,0.0
2099,4,0,2.0,0,0,0,2.29,0.0
2100,5,0,2.5,0,0,0,3.0,0.0
2101,5,0,2.5,0,0,0,3.71,0.0
2102,6,0,3.0,0,0,0,4.57,0.0
2103,7,0,3.5,0,0,0,5.57,0.0
2104,7,0,3.5,0,0,0,6.57,0.0
2105,7,0,3.5,0,0,0,7.57,0.0
2106,7,0,3.5,0,0,0,8.57,0.0
2107,7,0,3.5,0,0,0,9.57,0.0
2108,7,0,3.5,0,0,0,10.57,0.0
2109,7,0,3.5,0,0,0,11.57,0.0
2110,7,0,3.5,0,0,0,12.57,0.0
2111,7,0,3.5,0,0,0,13.57,0.0
2112,7,0,3.5,0,0,0,14.57,0.0
2113,7,0,3.5,0,0,0,15.57,0.0
2114,7,0,3.5,0,0,0,16.57,0.0
2115,7,0,3.5,0,0,0,17.57,0.0
2116,7,0,3.5,0,0,0,18.57,0.0
2117,7,0,3.5,0,0,0,19.57,0.0
2118,7,0,3.5,0,0,0,20.57,0.0
2119,7,0,3.5,0,0,0,21.57,0.0
2120,7,0,3.5,0,0,0,22.57,0.0
2121,7,0,3.5,0,0,0,23.57,0.0
2122,7,0,3.5,0,0,0,24.57,0.0
2123,7,0,3.5,0,0,0,25.57,0.0
2124,7,0,3.5,0,0,0,26.57,0.0
2125,6,0,3.0,0,0,0,26.67,0.0
2126,5,0,2.5,0,0,0,22.33,0.0
2127,4,0,2.0,0,0,0,18.0,0.0
2128,3,0,1.5,0,0,0,16.4,0.0
2129,2,0,1.0,0,0,0,11.0,0.0
2130,1,0,0.5,0,0,0,7.0,0.0
2131,0,0,0.0,0,0,0,0.0,0.0
2132,0,0,0.0,0,0,0,0.0,0.0
2133,0,0,0.0,0,0,1,0.0,0.0
2134,0,0,0.0,0,0,0,0.0,0.0
2135,0,0,0.0,1,0,1,0.0,0.0
2136,0,0,0.0,0,0,1,0.0,0.0
2137,0,0,0.0,0,0,0,0.0,0.0
2138,0,0,0.0,1,0,1,0.0,0.0
2139,0,0,0.0,0,0,0,0.0,0.0
2140,0,0,0.0,1,0,1,0.0,0.0
2141,0,0,0.0,0,0,0,0.0,0.0
2142,0,0,0.0,1,0,1,0.0,0.0
2143,0,0,0.0,0,0,0,0.0,0.0
2144,0,0,0.0,1,0,1,0.0,0.0
2145,0,0,0.0,0,0,0,0.0,0.0
2146,0,0,0.0,1,0,1,0.0,0.0
2147,0,0,0.0,0,0,0,0.0,0.0
2148,0,0,0.0,1,0,0,0.0,0.0
2149,0,0,0.0,0,0,1,0.0,0.0
2150,0,0,0.0,1,0,0,0.0,0.0
2151,0,0,0.0,0,0,1,0.0,0.0
2152,0,0,0.0,1,0,0,0.0,0.0
2153,0,0,0.0,0,0,1,0.0,0.0
2154,0,0,0.0,1,0,0,0.0,0.0
2155,0,0,0.0,0,0,1,0.0,0.0
2156,0,0,0.0,1,0,0,0.0,0.0
2157,0,0,0.0,1,0,1,0.0,0.0
2158,0,0,0.0,0,0,1,0.0,0.0
2159,1,0,0.5,1,0,0,0.2,0.0
2160,2,0,1.0,0,0,1,0.6,0.0
2161,2,0,1.0,1,0,0,0.83,0.0
2162,3,0,1.5,0,0,0,1.33,0.0
2163,3,0,1.5,0,0,0,1.83,0.0
2164,4,0,2.0,1,0,0,2.14,0.0
2165,4,0,2.0,0,0,0,2.71,0.0
2166,4,0,2.0,0,0,0,3.29,0.0
2167,5,0,2.5,0,0,0,4.0,0.0
2168,6,0,3.0,0,0,0,4.86,0.0
2169,6,0,3.0,0,0,0,5.71,0.0
2170,6,0,3.0,0,0,0,6.57,0.0
2171,7,0,3.5,0,0,0,7.57,0.0
2172,7,0,3.5,0,0,0,8.57,0.0
2173,7,0,3.5,0,0,0,9.57,0.0
2174,7,0,3.5,0,0,0,10.57,0.0
2175,7,0,3.5,0,0,0,11.57,0.0
2176,7,0,3.5,0,0,0,12.57,0.0
2177,7,0,3.5,0,0,0,13.57,0.0
2178,7,0,3.5,0,0,0,14.57,0.0
2179,7,0,3.5,0,0,0,15.57,0.0
2180,7,0,3.5,0,0,0,16.57,0.0
2181,7,0,3.5,0,0,0,17.57,0.0
2182,7,0,3.5,0,0,0,18.57,0.0
2183,7,0,3.5,0,0,0,19.57,0.0
2184,7,0,3.5,0,0,0,20.57,0.0
2185,7,0,3.5,0,0,0,21.57,0.0
2186,7,0,3.5,0,0,0,22.57,0.0
2187,7,0,3.5,0,0,0,23.57,0.0
2188,7,0,3.5,0,0,0,24.57,0.0
2189,7,0,3.5,0,0,0,25.57,0.0
2190,7,0,3.5,0,0,0,26.57,0.0
2191,6,0,3.0,0,0,0,26.67,0.0
2192,5,0,2.5,0,0,0,22.17,0.0
2193,4,0,2.0,0,0,0,17.67,0.0
2194,3,0,1.5,0,0,0,15.8,0.0
2195,2,0,1.0,0,0,0,10.6,0.0
2196,1,0,0.5,0,0,0,5.2,0.0
2197,0,0,0.0,0,0,0,0.0,0.0
2198,0,0,0.0,0,0,0,0.0,0.0
2199,0,0,0.0,0,0,1,0.0,0.0
2200,0,0,0.0,0,0,0,0.0,0.0
2201,0,0,0.0,1,0,1,0.0,0.0
2202,0,0,0.0,0,0,0,0.0,0.0
2203,0,0,0.0,1,0,1,0.0,0.0
2204,0,0,0.0,0,0,0,0.0,0.0
2205,0,0,0.0,0,0,1,0.0,0.0
2206,0,0,0.0,1,0,0,0.0,0.0
2207,0,0,0.0,0,0,1,0.0,0.0
2208,0,0,0.0,1,0,0,0.0,0.0
2209,0,0,0.0,0,0,1,0.0,0.0
2210,0,0,0.0,1,0,0,0.0,0.0
2211,0,0,0.0,0,0,1,0.0,0.0
2212,0,0,0.0,1,0,1,0.0,0.0
2213,0,0,0.0,0,0,0,0.0,0.0
2214,0,0,0.0,1,0,1,0.0,0.0
2215,0,0,0.0,0,0,0,0.0,0.0
2216,0,0,0.0,1,0,1,0.0,0.0
2217,0,0,0.0,0,0,1,0.0,0.0
2218,0,0,0.0,1,0,0,0.0,0.0
2219,0,0,0.0,0,0,0,0.0,0.0
2220,0,0,0.0,1,0,1,0.0,0.0
2221,0,0,0.0,0,0,0,0.0,0.0
2222,0,0,0.0,1,0,1,0.0,0.0
2223,0,0,0.0,0,0,0,0.0,0.0
2224,0,0,0.0,1,0,1,0.0,0.0
2225,0,0,0.0,0,0,0,0.0,0.0
2226,2,0,1.0,1,0,1,0.4,0.0
2227,2,0,1.0,0,0,0,0.8,0.0
2228,2,0,1.0,1,0,0,1.0,0.0
2229,2,0,1.0,0,0,0,1.33,0.0
2230,3,0,1.5,0,0,0,1.83,0.0
2231,4,0,2.0,1,0,0,2.14,0.0
2232,4,0,2.0,0,0,0,2.71,0.0
2233,5,0,2.5,0,0,0,3.43,0.0
2234,5,0,2.5,0,0,0,4.0,0.0
2235,6,0,3.0,0,0,0,4.86,0.0
2236,7,0,3.5,0,0,0,5.86,0.0
2237,7,0,3.5,0,0,0,6.86,0.0
2238,7,0,3.5,0,0,0,7.86,0.0
2239,7,0,3.5,0,0,0,8.86,0.0
2240,7,0,3.5,0,0,0,9.86,0.0
2241,7,0,3.5,0,0,0,10.86,0.0
2242,7,0,3.5,0,0,0,11.86,0.0
2243,7,0,3.5,0,0,0,12.86,0.0
2244,7,0,3.5,0,0,0,13.86,0.0
2245,7,0,3.5,0,0,0,14.86,0.0
2246,7,0,3.5,0,0,0,15.86,0.0
2247,7,0,3.5,0,0,0,16.86,0.0
2248,7,0,3.5,0,0,0,17.86,0.0
2249,7,0,3.5,0,0,0,18.86,0.0
2250,7,0,3.5,0,0,0,19.86,0.0
2251,7,0,3.5,0,0,0,20.86,0.0
2252,7,0,3.5,0,0,0,21.86,0.0
2253,7,0,3.5,0,0,0,22.86,0.0
2254,7,0,3.5,0,0,0,23.86,0.0
2255,7,0,3.5,0,0,0,24.86,0.0
2256,7,0,3.5,0,0,0,25.86,0.0
2257,6,0,3.0,0,0,0,26.0,0.0
2258,5,0,2.5,0,0,0,21.5,0.0
2259,4,0,2.0,0,0,0,17.33,0.0
2260,3,0,1.5,0,0,0,15.6,0.0
2261,2,0,1.0,0,0,0,10.6,0.0
2262,1,0,0.5,0,0,0,6.75,0.0
2263,0,0,0.0,0,0,0,0.0,0.0
2264,0,0,0.0,0,0,0,0.0,0.0
2265,0,0,0.0,0,0,1,0.0,0.0
2266,0,0,0.0,0,0,0,0.0,0.0
2267,0,0,0.0,1,0,0,0.0,0.0
2268,0,0,0.0,0,0,1,0.0,0.0
2269,0,0,0.0,1,0,1,0.0,0.0
2270,0,0,0.0,0,0,0,0.0,0.0
2271,0,0,0.0,1,0,1,0.0,0.0
2272,0,0,0.0,0,0,0,0.0,0.0
2273,0,0,0.0,1,0,1,0.0,0.0
2274,0,0,0.0,0,0,1,0.0,0.0
2275,0,0,0.0,1,0,0,0.0,0.0
2276,0,0,0.0,0,0,1,0.0,0.0
2277,0,0,0.0,1,0,0,0.0,0.0
2278,0,0,0.0,0,0,1,0.0,0.0
2279,0,0,0.0,1,0,0,0.0,0.0
2280,0,0,0.0,0,0,1,0.0,0.0
2281,0,0,0.0,1,0,1,0.0,0.0
2282,0,0,0.0,0,0,0,0.0,0.0
2283,0,0,0.0,1,0,1,0.0,0.0
2284,0,0,0.0,0,0,0,0.0,0.0
2285,0,0,0.0,1,0,1,0.0,0.0
2286,0,0,0.0,0,0,0,0.0,0.0
2287,0,0,0.0,1,0,1,0.0,0.0
2288,0,0,0.0,0,0,0,0.0,0.0
2289,0,0,0.0,1,0,1,0.0,0.0
2290,0,0,0.0,1,0,1,0.0,0.0
2291,0,0,0.0,0,0,0,0.0,0.0
2292,1,0,0.5,1,0,1,0.2,0.0
2293,1,0,0.5,0,0,0,0.4,0.0
2294,2,0,1.0,1,0,0,0.67,0.0
2295,3,0,1.5,0,0,0,1.17,0.0
2296,3,0,1.5,0,0,0,1.67,0.0
2297,4,0,2.0,1,0,0,2.0,0.0
2298,4,0,2.0,0,0,0,2.57,0.0
2299,5,0,2.5,0,0,0,3.29,0.0
2300,6,0,3.0,0,0,0,4.14,0.0
2301,7,0,3.5,0,0,0,5.14,0.0
2302,7,0,3.5,0,0,0,6.14,0.0
2303,7,0,3.5,0,0,0,7.14,0.0
2304,7,0,3.5,0,0,0,8.14,0.0
2305,7,0,3.5,0,0,0,9.14,0.0
2306,7,0,3.5,0,0,0,10.14,0.0
2307,7,0,3.5,0,0,0,11.14,0.0
2308,7,0,3.5,0,0,0,12.14,0.0
2309,7,0,3.5,0,0,0,13.14,0.0
2310,7,0,3.5,0,0,0,14.14,0.0
2311,7,0,3.5,0,0,0,15.14,0.0
2312,7,0,3.5,0,0,0,16.14,0.0
2313,7,0,3.5,0,0,0,17.14,0.0
2314,7,0,3.5,0,0,0,18.14,0.0
2315,7,0,3.5,0,0,0,19.14,0.0
2316,7,0,3.5,0,0,0,20.14,0.0
2317,7,0,3.5,0,0,0,21.14,0.0
2318,7,0,3.5,0,0,0,22.14,0.0
2319,7,0,3.5,0,0,0,23.14,0.0
2320,7,0,3.5,0,0,0,24.14,0.0
2321,7,0,3.5,0,0,0,25.14,0.0
2322,7,0,3.5,0,0,0,26.14,0.0
2323,6,0,3.0,0,0,0,26.33,0.0
2324,5,0,2.5,0,0,0,22.17,0.0
2325,4,0,2.0,0,0,0,17.83,0.0
2326,3,0,1.5,0,0,0,16.2,0.0
2327,2,0,1.0,0,0,0,11.0,0.0
2328,1,0,0.5,0,0,0,5.6,0.0
2329,0,0,0.0,0,0,0,0.0,0.0
2330,0,0,0.0,0,0,0,0.0,0.0
2331,0,0,0.0,0,0,1,0.0,0.0
2332,0,0,0.0,0,0,1,0.0,0.0
2333,0,0,0.0,1,0,0,0.0,0.0
2334,0,0,0.0,0,0,1,0.0,0.0
2335,0,0,0.0,0,0,0,0.0,0.0
2336,0,0,0.0,1,0,0,0.0,0.0
2337,0,0,0.0,0,0,1,0.0,0.0
2338,0,0,0.0,1,0,1,0.0,0.0
2339,0,0,0.0,0,0,0,0.0,0.0
2340,0,0,0.0,1,0,1,0.0,0.0
2341,0,0,0.0,0,0,0,0.0,0.0
2342,0,0,0.0,1,0,1,0.0,0.0
2343,0,0,0.0,0,0,0,0.0,0.0
2344,0,0,0.0,1,0,1,0.0,0.0
2345,0,0,0.0,0,0,0,0.0,0.0
2346,0,0,0.0,1,0,1,0.0,0.0
2347,0,0,0.0,0,0,0,0.0,0.0
2348,0,0,0.0,1,0,1,0.0,0.0
2349,0,0,0.0,0,0,0,0.0,0.0
2350,0,0,0.0,1,0,0,0.0,0.0
2351,0,0,0.0,0,0,1,0.0,0.0
2352,0,0,0.0,1,0,1,0.0,0.0
2353,0,0,0.0,0,0,0,0.0,0.0
2354,0,0,0.0,1,0,1,0.0,0.0
2355,0,0,0.0,0,0,0,0.0,0.0
2356,0,0,0.0,1,0,1,0.0,0.0
2357,1,0,0.5,0,0,0,0.25,0.0
2358,1,0,0.5,1,0,0,0.4,0.0
2359,2,0,1.0,0,0,1,0.8,0.0
2360,2,0,1.0,1,0,0,1.0,0.0
2361,3,0,1.5,0,0,0,1.5,0.0
2362,3,0,1.5,0,0,0,2.0,0.0
2363,4,0,2.0,1,0,0,2.29,0.0
2364,4,0,2.0,0,0,0,2.86,0.0
2365,5,0,2.5,0,0,0,3.57,0.0
2366,5,0,2.5,0,0,0,4.29,0.0
2367,6,0,3.0,0,0,0,5.14,0.0
2368,6,0,3.0,0,0,0,6.0,0.0
2369,7,0,3.5,0,0,0,7.0,0.0
2370,7,0,3.5,0,0,0,8.0,0.0
2371,7,0,3.5,0,0,0,9.0,0.0
2372,7,0,3.5,0,0,0,10.0,0.0
2373,7,0,3.5,0,0,0,11.0,0.0
2374,7,0,3.5,0,0,0,12.0,0.0
2375,7,0,3.5,0,0,0,13.0,0.0
2376,7,0,3.5,0,0,0,14.0,0.0
2377,7,0,3.5,0,0,0,15.0,0.0
2378,7,0,3.5,0,0,0,16.0,0.0
2379,7,0,3.5,0,0,0,17.0,0.0
2380,7,0,3.5,0,0,0,18.0,0.0
2381,7,0,3.5,0,0,0,19.0,0.0
2382,7,0,3.5,0,0,0,20.0,0.0
2383,7,0,3.5,0,0,0,21.0,0.0
2384,7,0,3.5,0,0,0,22.0,0.0
2385,7,0,3.5,0,0,0,23.0,0.0
2386,7,0,3.5,0,0,0,24.0,0.0
2387,7,0,3.5,0,0,0,25.0,0.0
2388,7,0,3.5,0,0,0,26.0,0.0
2389,6,0,3.0,0,0,0,26.0,0.0
2390,5,0,2.5,0,0,0,21.67,0.0
2391,4,0,2.0,0,0,0,17.33,0.0
2392,3,0,1.5,0,0,0,15.6,0.0
2393,2,0,1.0,0,0,0,10.4,0.0
2394,1,0,0.5,0,0,0,5.2,0.0
2395,0,0,0.0,0,0,0,0.0,0.0
2396,0,0,0.0,0,0,0,0.0,0.0
2397,0,0,0.0,0,0,1,0.0,0.0
2398,0,0,0.0,0,0,0,0.0,0.0
2399,0,0,0.0,1,0,1,0.0,0.0
2400,0,0,0.0,0,0,1,0.0,0.0
2401,0,0,0.0,1,0,0,0.0,0.0
2402,0,0,0.0,0,0,0,0.0,0.0
2403,0,0,0.0,0,0,1,0.0,0.0
2404,0,0,0.0,1,0,1,0.0,0.0
2405,0,0,0.0,0,0,0,0.0,0.0
2406,0,0,0.0,1,0,1,0.0,0.0
2407,0,0,0.0,0,0,0,0.0,0.0
2408,0,0,0.0,1,0,1,0.0,0.0
2409,0,0,0.0,0,0,0,0.0,0.0
2410,0,0,0.0,1,0,1,0.0,0.0
2411,0,0,0.0,0,0,0,0.0,0.0
2412,0,0,0.0,1,0,1,0.0,0.0
2413,0,0,0.0,0,0,0,0.0,0.0
2414,0,0,0.0,1,0,1,0.0,0.0
2415,0,0,0.0,0,0,0,0.0,0.0
2416,0,0,0.0,1,0,1,0.0,0.0
2417,0,0,0.0,0,0,0,0.0,0.0
2418,0,0,0.0,1,0,1,0.0,0.0
2419,0,0,0.0,0,0,0,0.0,0.0
2420,0,0,0.0,1,0,1,0.0,0.0
2421,0,0,0.0,1,0,0,0.0,0.0
2422,0,0,0.0,0,0,1,0.0,0.0
2423,1,0,0.5,1,0,1,0.2,0.0
2424,1,0,0.5,0,0,0,0.4,0.0
2425,2,0,1.0,1,0,0,0.67,0.0
2426,2,0,1.0,0,0,0,1.0,0.0
2427,3,0,1.5,0,0,0,1.5,0.0
2428,4,0,2.0,1,0,0,1.86,0.0
2429,4,0,2.0,0,0,0,2.43,0.0
2430,5,0,2.5,0,0,0,3.14,0.0
2431,6,0,3.0,0,0,0,4.0,0.0
2432,6,0,3.0,0,0,0,4.86,0.0
2433,7,0,3.5,0,0,0,5.86,0.0
2434,7,0,3.5,0,0,0,6.86,0.0
2435,7,0,3.5,0,0,0,7.86,0.0
2436,7,0,3.5,0,0,0,8.86,0.0
2437,7,0,3.5,0,0,0,9.86,0.0
2438,7,0,3.5,0,0,0,10.86,0.0
2439,7,0,3.5,0,0,0,11.86,0.0
2440,7,0,3.5,0,0,0,12.86,0.0
2441,7,0,3.5,0,0,0,13.86,0.0
2442,7,0,3.5,0,0,0,14.86,0.0
2443,7,0,3.5,0,0,0,15.86,0.0
2444,7,0,3.5,0,0,0,16.86,0.0
2445,7,0,3.5,0,0,0,17.86,0.0
2446,7,0,3.5,0,0,0,18.86,0.0
2447,7,0,3.5,0,0,0,19.86,0.0
2448,7,0,3.5,0,0,0,20.86,0.0
2449,7,0,3.5,0,0,0,21.86,0.0
2450,7,0,3.5,0,0,0,22.86,0.0
2451,7,0,3.5,0,0,0,23.86,0.0
2452,7,0,3.5,0,0,0,24.86,0.0
2453,7,0,3.5,0,0,0,25.86,0.0
2454,7,0,3.5,0,0,0,26.86,0.0
2455,6,0,3.0,0,0,0,27.0,0.0
2456,5,0,2.5,0,0,0,22.67,0.0
2457,4,0,2.0,0,0,0,18.33,0.0
2458,3,0,1.5,0,0,0,16.6,0.0
2459,2,0,1.0,0,0,0,11.2,0.0
2460,1,0,0.5,0,0,0,7.0,0.0
2461,0,0,0.0,0,0,0,0.0,0.0
2462,0,0,0.0,0,0,0,0.0,0.0
2463,0,0,0.0,0,0,1,0.0,0.0
2464,0,0,0.0,0,0,0,0.0,0.0
2465,0,0,0.0,1,0,1,0.0,0.0
2466,0,0,0.0,0,0,1,0.0,0.0
2467,0,0,0.0,1,0,0,0.0,0.0
2468,0,0,0.0,0,0,0,0.0,0.0
2469,0,0,0.0,0,0,1,0.0,0.0
2470,0,0,0.0,1,0,0,0.0,0.0
2471,0,0,0.0,0,0,1,0.0,0.0
2472,0,0,0.0,1,0,0,0.0,0.0
2473,0,0,0.0,0,0,1,0.0,0.0
2474,0,0,0.0,1,0,1,0.0,0.0
2475,0,0,0.0,0,0,0,0.0,0.0
2476,0,0,0.0,1,0,1,0.0,0.0
2477,0,0,0.0,0,0,0,0.0,0.0
2478,0,0,0.0,1,0,1,0.0,0.0
2479,0,0,0.0,0,0,1,0.0,0.0
2480,0,0,0.0,1,0,0,0.0,0.0
2481,0,0,0.0,0,0,1,0.0,0.0
2482,0,0,0.0,1,0,0,0.0,0.0
2483,0,0,0.0,0,0,1,0.0,0.0
2484,0,0,0.0,1,0,0,0.0,0.0
2485,0,0,0.0,0,0,1,0.0,0.0
2486,0,0,0.0,1,0,0,0.0,0.0
2487,0,0,0.0,1,0,1,0.0,0.0
2488,1,0,0.5,0,0,0,0.25,0.0
2489,1,0,0.5,1,0,1,0.4,0.0
2490,1,0,0.5,0,0,0,0.6,0.0
2491,2,0,1.0,1,0,0,0.83,0.0
2492,3,0,1.5,0,0,0,1.33,0.0
2493,3,0,1.5,0,0,0,1.83,0.0
2494,4,0,2.0,1,0,0,2.14,0.0
2495,5,0,2.5,0,0,0,2.86,0.0
2496,5,0,2.5,0,0,0,3.57,0.0
2497,6,0,3.0,0,0,0,4.43,0.0
2498,7,0,3.5,0,0,0,5.43,0.0
2499,7,0,3.5,0,0,0,6.43,0.0
2500,7,0,3.5,0,0,0,7.43,0.0
2501,7,0,3.5,0,0,0,8.43,0.0
2502,7,0,3.5,0,0,0,9.43,0.0
2503,7,0,3.5,0,0,0,10.43,0.0
2504,7,0,3.5,0,0,0,11.43,0.0
2505,7,0,3.5,0,0,0,12.43,0.0
2506,7,0,3.5,0,0,0,13.43,0.0
2507,7,0,3.5,0,0,0,14.43,0.0
2508,7,0,3.5,0,0,0,15.43,0.0
2509,7,0,3.5,0,0,0,16.43,0.0
2510,7,0,3.5,0,0,0,17.43,0.0
2511,7,0,3.5,0,0,0,18.43,0.0
2512,7,0,3.5,0,0,0,19.43,0.0
2513,7,0,3.5,0,0,0,20.43,0.0
2514,7,0,3.5,0,0,0,21.43,0.0
2515,7,0,3.5,0,0,0,22.43,0.0
2516,7,0,3.5,0,0,0,23.43,0.0
2517,7,0,3.5,0,0,0,24.43,0.0
2518,7,0,3.5,0,0,0,25.43,0.0
2519,7,0,3.5,0,0,0,26.43,0.0
2520,7,0,3.5,0,0,0,27.43,0.0
2521,6,0,3.0,0,0,0,27.5,0.0
2522,5,0,2.5,0,0,0,23.17,0.0
2523,4,0,2.0,0,0,0,18.67,0.0
2524,3,0,1.5,0,0,0,17.0,0.0
2525,2,0,1.0,0,0,0,11.4,0.0
2526,1,0,0.5,0,0,0,7.25,0.0
2527,0,0,0.0,0,0,0,0.0,0.0
2528,0,0,0.0,0,0,1,0.0,0.0
2529,0,0,0.0,0,0,0,0.0,0.0
2530,0,0,0.0,0,0,0,0.0,0.0
2531,0,0,0.0,1,0,1,0.0,0.0
2532,0,0,0.0,0,0,1,0.0,0.0
2533,0,0,0.0,0,0,0,0.0,0.0
2534,0,0,0.0,1,0,0,0.0,0.0
2535,0,0,0.0,0,0,1,0.0,0.0
2536,0,0,0.0,1,0,0,0.0,0.0
2537,0,0,0.0,0,0,1,0.0,0.0
2538,0,0,0.0,1,0,1,0.0,0.0
2539,0,0,0.0,0,0,0,0.0,0.0
2540,0,0,0.0,1,0,1,0.0,0.0
2541,0,0,0.0,0,0,0,0.0,0.0
2542,0,0,0.0,1,0,0,0.0,0.0
2543,0,0,0.0,0,0,1,0.0,0.0
2544,0,0,0.0,1,0,0,0.0,0.0
2545,0,0,0.0,0,0,1,0.0,0.0
2546,0,0,0.0,1,0,0,0.0,0.0
2547,0,0,0.0,0,0,1,0.0,0.0
2548,0,0,0.0,1,0,0,0.0,0.0
2549,0,0,0.0,0,0,0,0.0,0.0
2550,0,0,0.0,1,0,1,0.0,0.0
2551,0,0,0.0,0,0,0,0.0,0.0
2552,0,0,0.0,1,0,1,0.0,0.0
2553,0,0,0.0,1,0,1,0.0,0.0
2554,0,0,0.0,0,0,0,0.0,0.0
2555,1,0,0.5,1,0,1,0.2,0.0
2556,1,0,0.5,0,0,0,0.4,0.0
2557,2,0,1.0,1,0,1,0.67,0.0
2558,2,0,1.0,0,0,0,1.0,0.0
2559,3,0,1.5,0,0,0,1.5,0.0
2560,3,0,1.5,1,0,0,1.71,0.0
2561,3,0,1.5,0,0,0,2.14,0.0
2562,4,0,2.0,0,0,0,2.71,0.0
2563,5,0,2.5,0,0,0,3.43,0.0
2564,6,0,3.0,0,0,0,4.29,0.0
2565,6,0,3.0,0,0,0,5.14,0.0
2566,6,0,3.0,0,0,0,6.0,0.0
2567,7,0,3.5,0,0,0,7.0,0.0
2568,7,0,3.5,0,0,0,8.0,0.0
2569,7,0,3.5,0,0,0,9.0,0.0
2570,7,0,3.5,0,0,0,10.0,0.0
2571,7,0,3.5,0,0,0,11.0,0.0
2572,7,0,3.5,0,0,0,12.0,0.0
2573,7,0,3.5,0,0,0,13.0,0.0
2574,7,0,3.5,0,0,0,14.0,0.0
2575,7,0,3.5,0,0,0,15.0,0.0
2576,7,0,3.5,0,0,0,16.0,0.0
2577,7,0,3.5,0,0,0,17.0,0.0
2578,7,0,3.5,0,0,0,18.0,0.0
2579,7,0,3.5,0,0,0,19.0,0.0
2580,7,0,3.5,0,0,0,20.0,0.0
2581,7,0,3.5,0,0,0,21.0,0.0
2582,7,0,3.5,0,0,0,22.0,0.0
2583,7,0,3.5,0,0,0,23.0,0.0
2584,7,0,3.5,0,0,0,24.0,0.0
2585,7,0,3.5,0,0,0,25.0,0.0
2586,7,0,3.5,0,0,0,26.0,0.0
2587,6,0,3.0,0,0,0,26.0,0.0
2588,5,0,2.5,0,0,0,21.67,0.0
2589,4,0,2.0,0,0,0,17.33,0.0
2590,3,0,1.5,0,0,0,15.8,0.0
2591,2,0,1.0,0,0,0,10.6,0.0
2592,1,0,0.5,0,0,0,5.2,0.0
2593,0,0,0.0,0,0,0,0.0,0.0
2594,0,0,0.0,0,0,0,0.0,0.0
2595,0,0,0.0,0,0,1,0.0,0.0
2596,0,0,0.0,0,0,0,0.0,0.0
2597,0,0,0.0,1,0,1,0.0,0.0
2598,0,0,0.0,0,0,0,0.0,0.0
2599,0,0,0.0,0,0,1,0.0,0.0
2600,0,0,0.0,1,0,1,0.0,0.0
2601,0,0,0.0,0,0,0,0.0,0.0
2602,0,0,0.0,0,0,1,0.0,0.0
2603,0,0,0.0,0,0,0,0.0,0.0
2604,0,0,0.0,0,0,1,0.0,0.0
2605,0,0,0.0,0,0,0,0.0,0.0
2606,0,0,0.0,0,0,0,0.0,0.0
2607,0,0,0.0,0,0,1,0.0,0.0
2608,0,0,0.0,0,0,1,0.0,0.0
2609,0,0,0.0,0,0,0,0.0,0.0
2610,0,0,0.0,0,0,1,0.0,0.0
