Step,Queue_West_East,Queue_North_South,Queue_SD,Throughput_Step,Avg_Waiting_Time
1,0,0,0.0,0,0.0
2,0,0,0.0,0,0.0
3,0,0,0.0,0,0.0
4,0,0,0.0,0,0.0
5,0,0,0.0,0,0.0
6,0,1,0.5,0,0.5
7,0,1,0.5,0,1.0
8,0,1,0.5,0,1.0
9,0,1,0.5,0,2.0
10,0,1,0.5,1,2.5
11,0,2,1.0,0,1.5
12,0,1,0.5,0,2.33
13,0,1,0.5,0,2.67
14,0,1,0.5,1,3.0
15,0,1,0.5,0,3.33
16,0,1,0.5,0,3.67
17,0,1,0.5,1,4.0
18,0,2,1.0,0,3.5
19,0,2,1.0,0,5.33
20,0,2,1.0,1,6.0
21,0,3,1.5,0,4.0
22,0,2,1.0,0,5.5
23,0,2,1.0,0,6.0
24,0,2,1.0,1,6.5
25,0,2,1.0,0,7.0
26,0,2,1.0,0,7.5
27,0,2,1.0,0,8.0
28,0,3,1.5,1,7.0
29,0,3,1.5,0,9.5
30,0,3,1.5,0,10.25
31,0,4,2.0,1,7.33
32,0,3,1.5,0,9.4
33,0,3,1.5,0,10.0
34,0,3,1.5,1,10.6
35,0,3,1.5,0,11.2
36,0,4,2.0,0,12.0
37,0,4,2.0,1,12.8
38,0,4,2.0,0,11.33
39,0,4,2.0,0,14.4
40,0,4,2.0,1,15.2
41,0,5,2.5,0,11.43
42,0,4,2.0,0,14.0
43,0,4,2.0,0,14.67
44,0,4,2.0,1,15.33
45,0,4,2.0,0,13.71
46,0,4,2.0,0,10.0
47,0,3,1.5,0,5.67
48,0,2,1.0,1,2.29
49,1,1,0.0,0,0.83
50,1,0,0.5,0,0.33
51,1,0,0.5,0,0.43
52,2,0,1.0,1,0.83
53,2,0,1.0,0,1.17
54,2,0,1.0,0,1.5
55,3,0,1.5,1,1.71
56,3,0,1.5,1,2.5
57,3,0,1.5,0,3.0
58,4,0,2.0,1,3.67
59,4,0,2.0,0,4.33
60,4,0,2.0,1,5.0
61,4,0,2.0,0,4.25
62,5,0,2.5,1,4.88
63,5,0,2.5,0,5.5
64,6,0,3.0,0,7.14
65,6,0,3.0,0,8.0
66,7,0,3.5,0,9.0
67,7,0,3.5,0,10.0
68,7,0,3.5,0,11.0
69,7,0,3.5,1,12.0
70,7,0,3.5,0,13.0
71,7,0,3.5,0,12.25
72,7,0,3.5,0,13.12
73,7,0,3.5,0,14.0
74,7,0,3.5,0,17.0
75,7,0,3.5,0,18.0
76,7,0,3.5,0,19.0
77,7,0,3.5,0,20.0
78,7,0,3.5,1,21.0
79,7,0,3.5,0,22.0
80,7,0,3.5,0,23.0
81,7,0,3.5,0,21.0
82,7,0,3.5,0,21.88
83,7,0,3.5,0,22.75
84,7,0,3.5,0,27.0
85,7,0,3.5,0,28.0
86,7,0,3.5,0,29.0
87,7,0,3.5,0,30.0
88,7,0,3.5,1,31.0
89,7,0,3.5,0,32.0
90,7,0,3.5,0,33.0
91,6,0,3.0,0,27.86
92,5,0,2.5,0,22.86
93,4,0,2.0,0,18.0
94,3,0,1.5,0,15.5
95,2,0,1.0,0,10.33
96,1,0,0.5,0,6.2
97,0,0,0.0,0,0.0
98,0,1,0.5,0,0.2
99,0,1,0.5,1,0.5
100,0,1,0.5,0,0.75
101,0,2,1.0,1,0.8
102,0,1,0.5,1,1.25
103,0,1,0.5,0,1.2
104,0,1,0.5,1,1.75
105,0,1,0.5,0,2.0
106,0,1,0.5,1,2.25
107,0,1,0.5,0,2.5
108,0,1,0.5,0,2.75
109,0,2,1.0,1,3.25
110,0,2,1.0,0,3.75
111,0,3,1.5,1,3.4
112,0,2,1.0,1,3.8
113,0,2,1.0,0,4.2
114,0,2,1.0,1,4.6
115,0,2,1.0,0,5.0
116,0,2,1.0,1,5.4
117,0,2,1.0,0,5.8
118,0,2,1.0,1,6.2
119,0,3,1.5,1,6.8
120,0,3,1.5,0,7.4
121,0,4,2.0,1,6.67
122,0,3,1.5,0,7.17
123,0,3,1.5,1,7.67
124,0,3,1.5,0,8.17
125,0,3,1.5,1,8.67
126,0,4,2.0,0,8.0
127,0,4,2.0,1,10.0
128,0,4,2.0,0,10.67
129,0,4,2.0,1,11.33
130,0,4,2.0,0,12.0
131,0,5,2.5,0,10.86
132,0,4,2.0,1,11.43
133,0,4,2.0,0,12.0
134,0,4,2.0,1,11.0
135,0,5,2.5,0,10.33
136,0,4,2.0,1,7.38
137,0,3,1.5,1,3.78
138,1,2,0.5,0,2.0
139,2,1,0.5,0,0.89
140,2,0,1.0,0,0.56
141,2,0,1.0,0,0.78
142,3,0,1.5,0,1.11
143,3,0,1.5,1,1.3
144,4,0,2.0,0,1.89
145,5,0,2.5,1,2.44
146,6,0,3.0,0,3.5
147,6,0,3.0,1,4.25
148,7,0,3.5,0,5.86
149,7,0,3.5,1,6.86
150,7,0,3.5,0,7.86
151,7,0,3.5,1,7.75
152,7,0,3.5,1,8.62
153,7,0,3.5,0,9.5
154,7,0,3.5,0,11.86
155,7,0,3.5,0,12.86
156,7,0,3.5,0,13.86
157,7,0,3.5,0,14.86
158,7,0,3.5,1,15.86
159,7,0,3.5,0,16.86
160,7,0,3.5,0,17.86
161,7,0,3.5,0,16.5
162,7,0,3.5,0,17.38
163,7,0,3.5,0,18.25
164,7,0,3.5,0,21.86
165,7,0,3.5,0,22.86
166,7,0,3.5,0,23.86
167,7,0,3.5,0,24.86
168,7,0,3.5,0,25.86
169,7,0,3.5,1,26.86
170,7,0,3.5,0,27.86
171,7,0,3.5,0,25.25
172,7,0,3.5,0,26.12
173,7,0,3.5,0,27.0
174,7,0,3.5,0,31.86
175,7,0,3.5,0,32.86
176,7,0,3.5,0,33.86
177,7,0,3.5,0,34.86
178,7,0,3.5,1,35.86
179,7,0,3.5,0,36.86
180,7,0,3.5,0,37.86
181,6,0,3.0,0,32.57
182,5,0,2.5,0,27.14
183,4,0,2.0,0,21.86
184,3,0,1.5,0,19.33
185,2,0,1.0,0,13.0
186,1,0,0.5,0,6.5
187,0,1,0.5,0,0.2
188,0,1,0.5,0,0.4
189,0,1,0.5,1,0.75
190,0,1,0.5,0,1.0
191,0,2,1.0,1,1.0
192,0,1,0.5,0,1.2
193,0,1,0.5,1,1.75
194,0,1,0.5,0,1.6
195,0,1,0.5,0,2.25
196,0,1,0.5,1,2.0
197,0,1,0.5,0,2.75
198,0,1,0.5,1,2.4
199,0,2,1.0,1,3.5
200,0,2,1.0,0,3.2
201,0,3,1.5,1,3.6
202,0,2,1.0,0,4.0
203,0,2,1.0,1,4.4
204,0,2,1.0,0,4.8
205,0,2,1.0,1,5.2
206,0,2,1.0,0,5.6
207,0,2,1.0,1,6.0
208,0,2,1.0,1,6.4
209,0,3,1.5,0,7.0
210,0,3,1.5,1,7.6
211,0,4,2.0,0,6.83
212,0,3,1.5,1,7.33
213,0,3,1.5,0,7.83
214,0,3,1.5,1,8.33
215,0,3,1.5,1,8.83
216,0,4,2.0,0,9.5
217,0,4,2.0,0,10.17
218,0,4,2.0,1,10.83
219,0,4,2.0,0,11.5
220,0,4,2.0,1,12.17
221,0,5,2.5,0,11.0
222,0,4,2.0,1,11.57
223,0,4,2.0,0,12.14
224,0,4,2.0,1,11.12
225,0,5,2.5,0,10.44
226,0,4,2.0,1,7.38
227,1,3,1.0,0,3.89
228,1,2,0.5,1,2.11
229,1,1,0.0,0,0.8
230,2,0,1.0,0,0.56
231,3,0,1.5,0,0.89
232,3,0,1.5,1,1.22
233,4,0,2.0,0,1.67
234,5,0,2.5,0,2.22
235,6,0,3.0,1,2.89
236,6,0,3.0,0,3.56
237,6,0,3.0,1,4.75
238,7,0,3.5,0,6.43
239,7,0,3.5,1,7.43
240,7,0,3.5,0,8.43
241,7,0,3.5,1,8.25
242,7,0,3.5,0,9.12
243,7,0,3.5,1,10.0
244,7,0,3.5,0,12.43
245,7,0,3.5,0,13.43
246,7,0,3.5,0,14.43
247,7,0,3.5,0,15.43
248,7,0,3.5,0,16.43
249,7,0,3.5,1,17.43
250,7,0,3.5,0,18.43
251,7,0,3.5,0,17.0
252,7,0,3.5,0,17.88
253,7,0,3.5,0,18.75
254,7,0,3.5,0,22.43
255,7,0,3.5,0,23.43
256,7,0,3.5,0,24.43
257,7,0,3.5,0,25.43
258,7,0,3.5,1,26.43
259,7,0,3.5,0,27.43
260,7,0,3.5,0,28.43
261,7,0,3.5,0,25.75
262,7,0,3.5,0,26.62
263,7,0,3.5,0,27.5
264,7,0,3.5,0,32.43
265,7,0,3.5,0,33.43
266,7,0,3.5,0,34.43
267,7,0,3.5,0,35.43
268,7,0,3.5,1,36.43
269,7,0,3.5,0,37.43
270,7,0,3.5,0,38.43
271,6,0,3.0,0,33.0
272,5,0,2.5,0,27.71
273,4,0,2.0,0,22.29
274,3,0,1.5,0,16.86
275,2,0,1.0,0,13.17
276,1,0,0.5,0,6.5
277,0,1,0.5,0,0.2
278,0,1,0.5,0,0.4
279,0,1,0.5,1,0.75
280,0,1,0.5,0,1.0
281,0,2,1.0,1,1.0
282,0,1,0.5,0,1.2
283,0,1,0.5,1,1.75
284,0,1,0.5,0,2.0
285,0,1,0.5,1,2.25
286,0,1,0.5,0,2.5
287,0,1,0.5,1,2.75
288,0,1,0.5,1,3.0
289,0,1,0.5,0,3.25
290,0,2,1.0,1,3.75
291,0,3,1.5,0,3.4
292,0,2,1.0,1,3.8
293,0,2,1.0,0,4.2
294,0,2,1.0,1,4.6
295,0,2,1.0,1,5.0
296,0,2,1.0,0,5.4
297,0,2,1.0,1,5.8
298,0,3,1.5,0,6.4
299,0,3,1.5,1,7.0
300,0,3,1.5,0,6.33
301,0,4,2.0,1,6.83
302,0,3,1.5,0,6.29
303,0,3,1.5,1,7.83
304,0,3,1.5,0,7.14
305,0,3,1.5,0,8.83
306,0,4,2.0,1,8.14
307,0,4,2.0,0,10.17
308,0,4,2.0,0,9.29
309,0,4,2.0,1,11.5
310,0,4,2.0,0,12.17
311,0,5,2.5,1,11.0
312,0,4,2.0,1,11.57
313,0,4,2.0,0,12.14
314,0,5,2.5,1,11.25
315,0,5,2.5,0,10.56
316,0,4,2.0,1,7.5
317,1,3,1.0,0,4.11
318,1,2,0.5,1,2.22
319,1,1,0.0,0,1.0
320,2,0,1.0,0,0.56
321,3,0,1.5,0,0.89
322,3,0,1.5,1,1.22
323,4,0,2.0,0,1.67
324,5,0,2.5,1,2.22
325,5,0,2.5,0,2.78
326,6,0,3.0,1,3.88
327,6,0,3.0,0,5.29
328,7,0,3.5,1,6.29
329,7,0,3.5,0,7.29
330,7,0,3.5,1,8.29
331,7,0,3.5,1,8.12
332,7,0,3.5,0,9.0
333,7,0,3.5,0,9.88
334,7,0,3.5,0,12.29
335,7,0,3.5,0,13.29
336,7,0,3.5,0,14.29
337,7,0,3.5,0,15.29
338,7,0,3.5,1,16.29
339,7,0,3.5,0,17.29
340,7,0,3.5,0,18.29
341,7,0,3.5,0,16.88
342,7,0,3.5,0,17.75
343,7,0,3.5,0,18.62
344,7,0,3.5,0,22.29
345,7,0,3.5,0,23.29
346,7,0,3.5,0,24.29
347,7,0,3.5,0,25.29
348,7,0,3.5,1,26.29
349,7,0,3.5,0,27.29
350,7,0,3.5,0,28.29
351,7,0,3.5,0,25.62
352,7,0,3.5,0,26.5
353,7,0,3.5,0,27.38
354,7,0,3.5,0,32.29
355,7,0,3.5,0,33.29
356,7,0,3.5,0,34.29
357,7,0,3.5,0,35.29
358,7,0,3.5,1,36.29
359,7,0,3.5,0,37.29
360,7,0,3.5,0,38.29
361,6,0,3.0,0,32.86
362,5,0,2.5,0,27.57
363,4,0,2.0,0,22.14
364,3,0,1.5,0,19.5
365,2,0,1.0,0,13.0
366,1,0,0.5,0,6.5
367,0,1,0.5,0,0.2
368,0,1,0.5,0,0.4
369,0,1,0.5,1,0.75
370,0,1,0.5,0,1.0
371,0,2,1.0,1,1.0
372,0,1,0.5,0,1.2
373,0,1,0.5,1,1.75
374,0,1,0.5,0,1.6
375,0,1,0.5,1,2.25
376,0,1,0.5,0,2.5
377,0,1,0.5,1,2.75
378,0,2,1.0,0,3.25
379,0,2,1.0,1,3.75
380,0,2,1.0,0,4.25
381,0,3,1.5,1,3.8
382,0,2,1.0,0,4.2
383,0,2,1.0,1,4.6
384,0,2,1.0,0,5.0
385,0,2,1.0,1,5.4
386,0,2,1.0,0,5.8
387,0,2,1.0,1,6.2
388,0,3,1.5,0,6.8
389,0,3,1.5,1,7.4
390,0,3,1.5,0,8.0
391,0,4,2.0,1,7.17
392,0,3,1.5,0,7.67
393,0,3,1.5,1,8.17
394,0,3,1.5,1,8.67
395,0,3,1.5,0,9.17
396,0,3,1.5,0,9.67
397,0,3,1.5,1,10.17
398,0,4,2.0,0,10.83
399,0,4,2.0,1,11.5
400,0,4,2.0,0,12.17
401,0,5,2.5,1,11.0
402,0,4,2.0,1,11.57
403,0,4,2.0,0,10.62
404,0,4,2.0,1,9.89
405,0,4,2.0,0,9.3
406,1,4,1.5,1,6.56
407,1,3,1.0,0,3.4
408,1,2,0.5,0,1.7
409,2,1,0.5,0,1.0
410,2,0,1.0,0,0.78
411,3,0,1.5,0,1.0
412,4,0,2.0,0,1.56
413,4,0,2.0,1,2.0
414,4,0,2.0,1,2.44
415,5,0,2.5,0,3.0
416,5,0,2.5,1,4.0
417,6,0,3.0,0,4.75
418,7,0,3.5,1,6.43
419,7,0,3.5,0,7.43
420,7,0,3.5,1,8.43
421,7,0,3.5,0,8.25
422,7,0,3.5,1,9.12
423,7,0,3.5,0,10.0
424,7,0,3.5,0,12.43
425,7,0,3.5,0,13.43
426,7,0,3.5,0,14.43
427,7,0,3.5,0,15.43
428,7,0,3.5,1,16.43
429,7,0,3.5,0,17.43
430,7,0,3.5,0,18.43
431,7,0,3.5,0,17.0
432,7,0,3.5,0,17.88
433,7,0,3.5,0,18.75
434,7,0,3.5,0,22.43
435,7,0,3.5,0,23.43
436,7,0,3.5,0,24.43
437,7,0,3.5,0,25.43
438,7,0,3.5,1,26.43
439,7,0,3.5,0,27.43
440,7,0,3.5,0,28.43
441,7,0,3.5,0,25.75
442,7,0,3.5,0,26.62
443,7,0,3.5,0,27.5
444,7,0,3.5,0,32.43
445,7,0,3.5,0,33.43
446,7,0,3.5,0,34.43
447,7,0,3.5,0,35.43
448,7,0,3.5,1,36.43
449,7,0,3.5,0,37.43
450,7,0,3.5,0,38.43
451,6,0,3.0,0,32.86
452,5,0,2.5,0,27.43
453,4,0,2.0,0,22.0
454,3,0,1.5,0,19.17
455,2,0,1.0,0,12.83
456,1,0,0.5,0,7.8
457,0,1,0.5,0,0.2
458,0,1,0.5,0,0.4
459,0,1,0.5,1,0.75
460,0,1,0.5,0,1.0
461,0,2,1.0,1,1.0
462,0,1,0.5,1,1.2
463,0,1,0.5,0,1.75
464,0,1,0.5,1,1.6
465,0,1,0.5,0,2.25
466,0,1,0.5,0,2.5
467,0,1,0.5,1,2.75
468,0,2,1.0,1,3.25
469,0,2,1.0,0,3.75
470,0,2,1.0,1,4.25
471,0,3,1.5,0,3.8
472,0,2,1.0,1,4.2
473,0,2,1.0,0,3.83
474,0,2,1.0,1,5.0
475,0,2,1.0,0,5.4
476,0,2,1.0,1,5.8
477,0,3,1.5,1,6.4
478,0,3,1.5,0,7.0
479,0,3,1.5,0,7.6
480,0,3,1.5,1,6.83
481,0,4,2.0,0,7.33
482,0,3,1.5,1,6.71
483,0,3,1.5,0,8.33
484,0,3,1.5,0,7.57
485,0,3,1.5,0,9.33
486,0,4,2.0,1,10.0
487,0,4,2.0,1,10.67
488,0,4,2.0,0,11.33
489,0,4,2.0,1,12.0
490,0,4,2.0,0,12.67
491,0,5,2.5,1,11.43
492,0,4,2.0,0,12.0
493,0,4,2.0,1,12.57
494,0,4,2.0,1,11.5
495,0,5,2.5,0,10.78
496,0,4,2.0,1,7.75
497,1,3,1.0,0,4.11
498,1,2,0.5,1,2.11
499,1,1,0.0,0,0.89
500,2,0,1.0,0,0.56
501,2,0,1.0,0,0.78
502,3,0,1.5,0,1.25
503,3,0,1.5,1,1.3
504,4,0,2.0,0,1.89
505,5,0,2.5,1,2.44
506,5,0,2.5,0,3.38
507,6,0,3.0,1,4.12
508,7,0,3.5,0,5.71
509,7,0,3.5,1,6.71
510,7,0,3.5,0,7.71
511,7,0,3.5,1,7.62
512,7,0,3.5,0,8.5
513,7,0,3.5,1,9.38
514,7,0,3.5,0,11.71
515,7,0,3.5,0,12.71
516,7,0,3.5,0,13.71
517,7,0,3.5,0,14.71
518,7,0,3.5,1,15.71
519,7,0,3.5,0,16.71
520,7,0,3.5,0,17.71
521,7,0,3.5,0,16.38
522,7,0,3.5,0,17.25
523,7,0,3.5,0,18.12
524,7,0,3.5,0,21.71
525,7,0,3.5,0,22.71
526,7,0,3.5,0,23.71
527,7,0,3.5,0,24.71
528,7,0,3.5,1,25.71
529,7,0,3.5,0,26.71
530,7,0,3.5,0,27.71
531,7,0,3.5,0,25.12
532,7,0,3.5,0,26.0
533,7,0,3.5,0,26.88
534,7,0,3.5,0,31.71
535,7,0,3.5,0,32.71
536,7,0,3.5,0,33.71
537,7,0,3.5,0,34.71
538,7,0,3.5,1,35.71
539,7,0,3.5,0,36.71
540,7,0,3.5,0,37.71
541,6,0,3.0,0,32.29
542,5,0,2.5,0,27.0
543,4,0,2.0,0,21.71
544,3,0,1.5,0,19.17
545,2,0,1.0,0,12.83
546,1,0,0.5,0,6.5
547,0,1,0.5,0,0.2
548,0,1,0.5,0,0.4
549,0,1,0.5,1,0.75
550,0,1,0.5,0,1.0
551,0,2,1.0,1,1.0
552,0,1,0.5,0,1.2
553,0,1,0.5,1,1.75
554,0,1,0.5,0,1.6
555,0,1,0.5,1,2.25
556,0,1,0.5,0,2.0
557,0,1,0.5,1,2.75
558,0,1,0.5,0,3.0
559,0,1,0.5,1,3.25
560,0,2,1.0,1,3.75
561,0,3,1.5,0,3.4
562,0,2,1.0,1,3.8
563,0,2,1.0,0,4.2
564,0,2,1.0,1,4.6
565,0,2,1.0,1,5.0
566,0,2,1.0,0,5.4
567,0,2,1.0,1,5.8
568,0,3,1.5,0,6.4
569,0,3,1.5,1,7.0
570,0,3,1.5,0,7.6
571,0,4,2.0,0,6.83
572,0,3,1.5,1,7.33
573,0,3,1.5,0,7.83
574,0,3,1.5,1,8.33
575,0,3,1.5,0,8.83
576,0,4,2.0,1,9.5
577,0,4,2.0,0,10.17
578,0,4,2.0,1,10.83
579,0,4,2.0,0,11.5
580,0,4,2.0,1,12.17
581,0,5,2.5,1,11.0
582,0,4,2.0,0,11.57
583,0,4,2.0,1,12.14
584,0,5,2.5,0,11.25
585,0,5,2.5,1,10.56
586,0,4,2.0,0,7.5
587,1,3,1.0,1,4.11
588,1,2,0.5,0,2.22
589,1,1,0.0,0,1.0
590,1,0,0.5,0,0.44
591,2,0,1.0,0,0.75
592,3,0,1.5,0,1.0
593,4,0,2.0,1,1.44
594,5,0,2.5,1,2.0
595,5,0,2.5,0,2.56
596,7,0,3.5,1,3.75
597,7,0,3.5,0,4.62
598,7,0,3.5,1,6.29
599,7,0,3.5,0,7.29
600,7,0,3.5,1,8.29
601,7,0,3.5,0,8.12
602,7,0,3.5,0,9.0
603,7,0,3.5,1,9.88
604,7,0,3.5,0,12.29
605,7,0,3.5,0,13.29
606,7,0,3.5,0,14.29
607,7,0,3.5,0,15.29
608,7,0,3.5,1,16.29
609,7,0,3.5,0,17.29
610,7,0,3.5,0,18.29
611,7,0,3.5,0,16.88
612,7,0,3.5,0,17.75
613,7,0,3.5,0,18.62
614,7,0,3.5,0,22.29
615,7,0,3.5,0,23.29
616,7,0,3.5,0,24.29
617,7,0,3.5,0,25.29
618,7,0,3.5,1,26.29
619,7,0,3.5,0,27.29
620,7,0,3.5,0,28.29
621,7,0,3.5,0,25.62
622,7,0,3.5,0,26.5
623,7,0,3.5,0,27.38
624,7,0,3.5,0,32.29
625,7,0,3.5,0,33.29
626,7,0,3.5,0,34.29
627,7,0,3.5,0,35.29
628,7,0,3.5,1,36.29
629,7,0,3.5,0,37.29
630,7,0,3.5,0,38.29
631,6,0,3.0,0,32.86
632,5,0,2.5,0,27.71
633,4,0,2.0,0,22.43
634,3,0,1.5,0,19.83
635,2,0,1.0,0,13.33
636,1,0,0.5,0,6.83
637,0,1,0.5,0,0.2
638,0,1,0.5,1,0.4
639,0,1,0.5,0,0.75
640,0,1,0.5,0,1.0
641,0,2,1.0,1,1.0
642,0,1,0.5,0,1.2
643,0,1,0.5,1,1.4
644,0,1,0.5,0,1.6
645,0,1,0.5,1,1.8
646,0,1,0.5,0,2.0
647,0,1,0.5,1,2.75
648,0,1,0.5,0,2.4
649,0,2,1.0,1,3.5
650,0,2,1.0,0,4.0
651,0,3,1.5,1,3.6
652,0,2,1.0,0,4.0
653,0,2,1.0,1,4.4
654,0,2,1.0,1,4.8
655,0,2,1.0,0,5.2
656,0,2,1.0,0,4.67
657,0,3,1.5,1,6.2
658,0,3,1.5,1,5.67
659,0,3,1.5,0,7.4
660,0,3,1.5,1,6.67
661,0,4,2.0,0,7.17
662,0,3,1.5,0,6.57
663,0,3,1.5,1,8.17
664,0,3,1.5,0,8.67
665,0,3,1.5,1,9.17
666,0,3,1.5,0,9.67
667,0,4,2.0,1,10.33
668,0,4,2.0,1,11.0
669,0,4,2.0,0,11.67
670,0,4,2.0,1,12.33
671,0,5,2.5,0,11.14
672,0,4,2.0,1,11.71
673,0,4,2.0,0,12.29
674,0,5,2.5,1,11.38
675,0,5,2.5,0,10.67
676,0,4,2.0,1,7.62
677,0,3,1.5,1,4.0
678,1,2,0.5,0,2.0
679,1,1,0.0,0,0.89
680,2,0,1.0,0,0.44
681,2,0,1.0,0,0.75
682,2,0,1.0,0,1.0
683,3,0,1.5,1,1.1
684,4,0,2.0,0,1.67
685,4,0,2.0,1,2.38
686,4,0,2.0,1,2.88
687,5,0,2.5,0,4.0
688,6,0,3.0,1,4.86
689,6,0,3.0,0,5.71
690,7,0,3.5,1,6.71
691,7,0,3.5,0,6.75
692,7,0,3.5,1,7.62
693,7,0,3.5,0,8.5
694,7,0,3.5,0,10.71
695,7,0,3.5,0,11.71
696,7,0,3.5,0,12.71
697,7,0,3.5,0,13.71
698,7,0,3.5,1,14.71
699,7,0,3.5,0,15.71
700,7,0,3.5,0,16.71
701,7,0,3.5,0,15.5
702,7,0,3.5,0,16.38
703,7,0,3.5,0,17.25
704,7,0,3.5,0,20.71
705,7,0,3.5,0,21.71
706,7,0,3.5,0,22.71
707,7,0,3.5,0,23.71
708,7,0,3.5,1,24.71
709,7,0,3.5,0,25.71
710,7,0,3.5,0,26.71
711,7,0,3.5,0,24.25
712,7,0,3.5,0,25.12
713,7,0,3.5,0,26.0
714,7,0,3.5,0,30.71
715,7,0,3.5,0,31.71
716,7,0,3.5,0,32.71
717,7,0,3.5,0,33.71
718,7,0,3.5,1,34.71
719,7,0,3.5,0,35.71
720,7,0,3.5,0,36.71
721,6,0,3.0,0,31.43
722,5,0,2.5,0,26.14
723,4,0,2.0,0,21.0
724,3,0,1.5,0,18.33
725,2,0,1.0,0,12.33
726,1,0,0.5,0,6.17
727,0,1,0.5,0,0.2
728,0,1,0.5,0,0.4
729,0,1,0.5,1,0.75
730,0,1,0.5,0,1.0
731,0,2,1.0,1,1.0
732,0,1,0.5,0,1.2
733,0,1,0.5,1,1.4
734,0,1,0.5,0,2.0
735,0,1,0.5,1,2.25
736,0,1,0.5,0,2.5
737,0,1,0.5,1,2.75
738,0,1,0.5,1,3.0
739,0,1,0.5,0,3.25
740,0,2,1.0,1,3.75
741,0,3,1.5,0,3.4
742,0,2,1.0,1,3.8
743,0,2,1.0,0,4.2
744,0,2,1.0,0,4.6
745,0,2,1.0,1,5.0
746,0,2,1.0,1,5.4
747,0,2,1.0,0,5.8
748,0,2,1.0,1,6.2
749,0,3,1.5,0,6.8
750,0,3,1.5,1,7.4
751,0,4,2.0,1,6.67
752,0,3,1.5,0,7.17
753,0,3,1.5,1,7.67
754,0,3,1.5,0,8.17
755,0,3,1.5,1,8.67
756,0,3,1.5,0,9.17
757,0,4,2.0,1,9.83
758,0,4,2.0,0,10.5
759,0,4,2.0,1,11.17
760,0,4,2.0,0,11.83
761,0,5,2.5,0,10.71
762,0,4,2.0,1,11.29
763,0,4,2.0,0,11.86
764,0,4,2.0,1,10.88
765,0,5,2.5,0,10.22
766,0,4,2.0,1,7.12
767,1,3,1.0,0,3.78
768,2,2,0.0,1,2.11
769,2,1,0.5,0,1.11
770,3,0,1.5,0,0.89
771,3,0,1.5,0,1.38
772,4,0,2.0,1,1.67
773,5,0,2.5,0,2.22
774,5,0,2.5,1,2.78
775,6,0,3.0,0,3.88
776,6,0,3.0,1,4.62
777,7,0,3.5,0,6.29
778,7,0,3.5,1,7.29
779,7,0,3.5,1,8.29
780,7,0,3.5,0,9.29
781,7,0,3.5,1,9.0
782,7,0,3.5,0,9.88
783,7,0,3.5,0,10.75
784,7,0,3.5,0,13.29
785,7,0,3.5,0,14.29
786,7,0,3.5,0,15.29
787,7,0,3.5,0,16.29
788,7,0,3.5,1,17.29
789,7,0,3.5,0,18.29
790,7,0,3.5,0,19.29
791,7,0,3.5,0,17.75
792,7,0,3.5,0,18.62
793,7,0,3.5,0,19.5
794,7,0,3.5,0,23.29
795,7,0,3.5,0,24.29
796,7,0,3.5,0,25.29
797,7,0,3.5,0,26.29
798,7,0,3.5,1,27.29
799,7,0,3.5,0,28.29
800,7,0,3.5,0,29.29
801,7,0,3.5,0,26.5
802,7,0,3.5,0,27.38
803,7,0,3.5,0,28.25
804,7,0,3.5,0,33.29
805,7,0,3.5,0,34.29
806,7,0,3.5,0,35.29
807,7,0,3.5,0,36.29
808,7,0,3.5,0,37.29
809,7,0,3.5,1,38.29
810,7,0,3.5,0,39.29
811,6,0,3.0,0,33.86
812,5,0,2.5,0,28.29
813,4,0,2.0,0,22.71
814,3,0,1.5,0,20.0
815,2,0,1.0,0,13.33
816,1,0,0.5,0,8.0
817,0,1,0.5,0,0.2
818,0,1,0.5,0,0.5
819,0,1,0.5,1,0.75
820,0,1,0.5,0,1.33
821,0,2,1.0,1,1.0
822,0,1,0.5,1,1.5
823,0,1,0.5,0,1.4
824,0,1,0.5,1,2.0
825,0,1,0.5,0,1.8
826,0,1,0.5,1,2.5
827,0,1,0.5,0,2.2
828,0,2,1.0,1,3.25
829,0,2,1.0,0,3.0
830,0,2,1.0,1,4.25
831,0,3,1.5,1,3.17
832,0,2,1.0,0,4.2
833,0,2,1.0,1,4.6
834,0,2,1.0,0,5.0
835,0,2,1.0,0,4.5
836,0,2,1.0,1,4.83
837,0,2,1.0,1,5.17
838,0,3,1.5,0,5.67
839,0,3,1.5,1,6.17
840,0,3,1.5,0,6.67
841,0,4,2.0,0,6.14
842,0,3,1.5,0,6.57
843,0,3,1.5,0,7.0
844,0,3,1.5,1,7.43
845,0,3,1.5,0,7.86
846,0,3,1.5,1,8.29
847,0,3,1.5,0,8.71
848,0,4,2.0,1,9.29
849,0,4,2.0,0,9.86
850,0,4,2.0,1,10.43
851,0,5,2.5,0,9.62
852,0,4,2.0,1,10.12
853,0,4,2.0,0,10.62
854,0,4,2.0,1,11.12
855,0,5,2.5,1,10.44
856,1,4,1.5,0,7.5
857,1,3,1.0,1,3.89
858,1,2,0.5,0,2.0
859,2,1,0.5,1,1.11
860,2,0,1.0,0,0.78
861,3,0,1.5,0,1.25
862,4,0,2.0,1,1.56
863,4,0,2.0,0,2.0
864,5,0,2.5,1,2.56
865,6,0,3.0,0,3.62
866,6,0,3.0,1,4.38
867,7,0,3.5,0,6.0
868,7,0,3.5,1,7.0
869,7,0,3.5,0,8.0
870,7,0,3.5,1,9.0
871,7,0,3.5,0,8.75
872,7,0,3.5,1,9.62
873,7,0,3.5,0,10.5
874,7,0,3.5,0,13.0
875,7,0,3.5,0,14.0
876,7,0,3.5,0,15.0
877,7,0,3.5,0,16.0
878,7,0,3.5,0,17.0
879,7,0,3.5,1,18.0
880,7,0,3.5,0,19.0
881,7,0,3.5,0,17.5
882,7,0,3.5,0,18.38
883,7,0,3.5,0,19.25
884,7,0,3.5,0,23.0
885,7,0,3.5,0,24.0
886,7,0,3.5,0,25.0
887,7,0,3.5,0,26.0
888,7,0,3.5,1,27.0
889,7,0,3.5,0,28.0
890,7,0,3.5,0,29.0
891,7,0,3.5,0,26.25
892,7,0,3.5,0,27.12
893,7,0,3.5,0,28.0
894,7,0,3.5,0,33.0
895,7,0,3.5,0,34.0
896,7,0,3.5,0,35.0
897,7,0,3.5,0,36.0
898,7,0,3.5,1,37.0
899,7,0,3.5,0,38.0
900,7,0,3.5,0,39.0
901,6,0,3.0,0,33.43
902,5,0,2.5,0,28.0
903,4,0,2.0,0,22.57
904,3,0,1.5,0,19.83
905,2,0,1.0,0,13.33
906,1,0,0.5,0,8.0
907,0,1,0.5,0,0.2
908,0,1,0.5,0,0.5
909,0,1,0.5,1,0.75
910,0,1,0.5,0,1.0
911,0,2,1.0,1,1.0
912,0,1,0.5,0,1.5
913,0,1,0.5,1,1.4
914,0,1,0.5,0,2.0
915,0,1,0.5,1,1.8
916,0,1,0.5,0,2.5
917,0,1,0.5,1,2.2
918,0,1,0.5,1,3.0
919,0,1,0.5,0,2.6
920,0,2,1.0,1,3.75
921,0,3,1.5,0,2.83
922,0,2,1.0,1,3.17
923,0,2,1.0,0,3.5
924,0,2,1.0,1,4.6
925,0,2,1.0,0,5.0
926,0,2,1.0,1,5.4
927,0,2,1.0,1,5.8
928,0,3,1.5,0,6.4
929,0,3,1.5,1,5.83
930,0,3,1.5,0,7.6
931,0,4,2.0,1,5.86
932,0,3,1.5,0,7.33
933,0,3,1.5,0,7.83
934,0,3,1.5,0,8.33
935,0,3,1.5,1,8.83
936,0,4,2.0,1,9.5
937,0,4,2.0,0,10.17
938,0,4,2.0,1,10.83
939,0,4,2.0,0,11.5
940,0,4,2.0,1,12.17
941,0,5,2.5,0,11.0
942,0,4,2.0,1,11.57
943,0,4,2.0,1,12.14
944,0,4,2.0,0,12.71
945,0,5,2.5,1,11.75
946,0,4,2.0,0,7.38
947,0,3,1.5,1,4.38
948,1,2,0.5,0,2.0
949,1,1,0.0,1,0.78
950,3,0,1.5,0,0.56
951,3,0,1.5,0,0.89
952,3,0,1.5,1,1.22
953,3,0,1.5,0,1.56
954,4,0,2.0,0,2.0
955,5,0,2.5,1,2.56
956,5,0,2.5,0,3.5
957,6,0,3.0,1,4.25
958,7,0,3.5,0,5.86
959,7,0,3.5,1,6.86
960,7,0,3.5,0,7.86
961,7,0,3.5,1,7.75
962,7,0,3.5,1,8.62
963,7,0,3.5,0,9.5
964,7,0,3.5,0,11.86
965,7,0,3.5,0,12.86
966,7,0,3.5,0,13.86
967,7,0,3.5,0,14.86
968,7,0,3.5,1,15.86
969,7,0,3.5,0,16.86
970,7,0,3.5,0,17.86
971,7,0,3.5,0,16.5
972,7,0,3.5,0,17.38
973,7,0,3.5,0,18.25
974,7,0,3.5,0,21.86
975,7,0,3.5,0,22.86
976,7,0,3.5,0,23.86
977,7,0,3.5,0,24.86
978,7,0,3.5,0,25.86
979,7,0,3.5,1,26.86
980,7,0,3.5,0,27.86
981,7,0,3.5,0,25.25
982,7,0,3.5,0,26.12
983,7,0,3.5,0,27.0
984,7,0,3.5,0,31.86
985,7,0,3.5,0,32.86
986,7,0,3.5,0,33.86
987,7,0,3.5,0,34.86
988,7,0,3.5,1,35.86
989,7,0,3.5,0,36.86
990,7,0,3.5,0,37.86
991,6,0,3.0,0,32.57
992,5,0,2.5,0,27.29
993,4,0,2.0,0,21.71
994,3,0,1.5,0,19.17
995,2,0,1.0,0,12.83
996,1,1,0.0,0,6.67
997,0,1,0.5,0,0.4
998,0,1,0.5,0,0.6
999,0,1,0.5,1,1.0
1000,0,1,0.5,0,1.25
1001,0,1,0.5,1,1.5
1002,0,1,0.5,0,1.75
1003,0,1,0.5,1,2.67
1004,0,1,0.5,0,2.25
1005,0,1,0.5,1,3.33
1006,0,1,0.5,0,2.75
1007,0,1,0.5,1,4.0
1008,0,1,0.5,1,4.33
1009,0,1,0.5,0,4.67
1010,0,1,0.5,1,5.0
1011,0,1,0.5,0,5.33
1012,0,1,0.5,1,5.67
1013,0,1,0.5,0,6.0
1014,0,1,0.5,1,6.33
1015,0,1,0.5,1,6.67
1016,0,1,0.5,0,7.0
1017,0,1,0.5,0,7.33
1018,0,1,0.5,1,7.67
1019,0,1,0.5,0,8.0
1020,0,1,0.5,1,8.33
1021,0,1,0.5,0,8.67
1022,0,1,0.5,1,9.0
1023,0,1,0.5,1,9.33
1024,0,1,0.5,0,9.67
1025,0,1,0.5,1,10.0
1026,0,1,0.5,0,10.33
1027,0,1,0.5,1,10.67
1028,0,1,0.5,0,11.0
1029,0,1,0.5,1,11.33
1030,0,1,0.5,0,8.75
1031,0,1,0.5,1,12.0
1032,0,1,0.5,0,9.25
1033,0,1,0.5,1,12.67
1034,0,1,0.5,0,9.75
1035,0,1,0.5,0,8.0
1036,0,0,0.0,0,0.0
1037,1,0,0.5,1,0.2
1038,2,0,1.0,0,0.5
1039,2,0,1.0,1,0.83
1040,3,0,1.5,0,1.33
1041,3,0,1.5,0,1.83
1042,3,0,1.5,0,2.0
1043,4,0,2.0,1,2.57
1044,5,0,2.5,0,3.29
1045,6,0,3.0,0,4.14
1046,6,0,3.0,0,5.0
1047,6,0,3.0,0,5.86
1048,7,0,3.5,0,6.86
1049,7,0,3.5,0,7.86
1050,7,0,3.5,0,8.86
1051,7,0,3.5,0,9.86
1052,7,0,3.5,0,10.86
1053,7,0,3.5,0,11.86
1054,7,0,3.5,0,12.86
1055,7,0,3.5,0,13.86
1056,7,0,3.5,0,14.86
1057,7,0,3.5,0,15.86
1058,7,0,3.5,0,16.86
1059,7,0,3.5,0,17.86
1060,7,0,3.5,0,18.86
1061,7,0,3.5,0,19.86
1062,7,0,3.5,0,20.86
1063,7,0,3.5,0,21.86
1064,7,0,3.5,0,22.86
1065,7,0,3.5,0,23.86
1066,7,0,3.5,0,24.86
1067,7,0,3.5,0,25.86
1068,7,0,3.5,0,26.86
1069,7,0,3.5,0,27.86
1070,7,0,3.5,0,28.86
1071,7,0,3.5,0,29.86
1072,7,0,3.5,0,30.86
1073,7,0,3.5,0,31.86
1074,7,0,3.5,0,32.86
1075,7,0,3.5,0,33.86
1076,7,0,3.5,0,34.86
1077,7,0,3.5,0,35.86
1078,7,0,3.5,0,36.86
1079,7,0,3.5,0,37.86
1080,7,0,3.5,0,38.86
1081,6,0,3.0,0,39.0
1082,5,0,2.5,0,32.5
1083,4,0,2.0,0,26.0
1084,3,0,1.5,0,19.67
1085,2,0,1.0,0,15.8
1086,1,0,0.5,0,7.8
1087,0,0,0.0,0,0.0
1088,0,0,0.0,0,0.0
1089,0,0,0.0,1,0.0
1090,0,0,0.0,0,0.0
1091,0,0,0.0,1,0.0
1092,0,0,0.0,0,0.0
1093,0,0,0.0,1,0.0
1094,0,0,0.0,0,0.0
1095,0,0,0.0,1,0.0
1096,0,0,0.0,0,0.0
1097,0,0,0.0,1,0.0
1098,0,0,0.0,0,0.0
1099,0,0,0.0,1,0.0
1100,0,0,0.0,0,0.0
1101,0,0,0.0,1,0.0
1102,0,0,0.0,1,0.0
1103,0,0,0.0,0,0.0
1104,0,0,0.0,0,0.0
1105,0,0,0.0,0,0.0
1106,0,0,0.0,1,0.0
1107,0,0,0.0,1,0.0
1108,0,0,0.0,0,0.0
1109,0,0,0.0,1,0.0
1110,0,0,0.0,0,0.0
1111,0,0,0.0,1,0.0
1112,0,0,0.0,1,0.0
1113,0,0,0.0,0,0.0
1114,0,0,0.0,1,0.0
1115,0,0,0.0,0,0.0
1116,0,0,0.0,0,0.0
1117,0,0,0.0,1,0.0
1118,0,0,0.0,1,0.0
1119,0,0,0.0,0,0.0
1120,0,0,0.0,1,0.0
1121,0,0,0.0,0,0.0
1122,0,0,0.0,0,0.0
1123,0,0,0.0,0,0.0
1124,0,0,0.0,1,0.0
1125,1,0,0.5,0,0.25
1126,1,0,0.5,1,0.4
1127,2,0,1.0,0,0.8
1128,2,0,1.0,1,1.0
1129,3,0,1.5,0,1.5
1130,3,0,1.5,0,2.0
1131,4,0,2.0,0,2.29
1132,4,0,2.0,0,2.86
1133,4,0,2.0,0,3.43
1134,5,0,2.5,0,4.14
1135,6,0,3.0,0,5.0
1136,7,0,3.5,0,6.0
1137,7,0,3.5,0,7.0
1138,7,0,3.5,0,8.0
1139,7,0,3.5,0,9.0
1140,7,0,3.5,0,10.0
1141,7,0,3.5,0,11.0
1142,7,0,3.5,0,12.0
1143,7,0,3.5,0,13.0
1144,7,0,3.5,0,14.0
1145,7,0,3.5,0,15.0
1146,7,0,3.5,0,16.0
1147,7,0,3.5,0,17.0
1148,7,0,3.5,0,18.0
1149,7,0,3.5,0,19.0
1150,7,0,3.5,0,20.0
1151,7,0,3.5,0,21.0
1152,7,0,3.5,0,22.0
1153,7,0,3.5,0,23.0
1154,7,0,3.5,0,24.0
1155,7,0,3.5,0,25.0
1156,7,0,3.5,0,26.0
1157,7,0,3.5,0,27.0
1158,7,0,3.5,0,28.0
1159,7,0,3.5,0,29.0
1160,7,0,3.5,0,30.0
1161,7,0,3.5,0,31.0
1162,7,0,3.5,0,32.0
1163,7,0,3.5,0,33.0
1164,7,0,3.5,0,34.0
1165,7,0,3.5,0,35.0
1166,7,0,3.5,0,36.0
1167,7,0,3.5,0,37.0
1168,7,0,3.5,0,38.0
1169,7,0,3.5,0,39.0
1170,7,0,3.5,0,40.0
1171,6,0,3.0,0,40.0
1172,5,0,2.5,0,33.33
1173,4,0,2.0,0,26.67
1174,3,0,1.5,0,24.0
1175,2,0,1.0,0,16.2
1176,1,0,0.5,0,8.2
1177,0,0,0.0,0,0.0
1178,0,0,0.0,0,0.0
1179,0,0,0.0,1,0.0
1180,0,0,0.0,0,0.0
1181,0,0,0.0,1,0.0
1182,0,0,0.0,0,0.0
1183,0,0,0.0,1,0.0
1184,0,0,0.0,0,0.0
1185,0,0,0.0,1,0.0
1186,0,0,0.0,0,0.0
1187,0,0,0.0,1,0.0
1188,0,0,0.0,0,0.0
1189,0,0,0.0,1,0.0
1190,0,0,0.0,0,0.0
1191,0,0,0.0,1,0.0
1192,0,0,0.0,0,0.0
1193,0,0,0.0,1,0.0
1194,0,0,0.0,1,0.0
1195,0,0,0.0,0,0.0
1196,0,0,0.0,1,0.0
1197,0,0,0.0,0,0.0
1198,0,0,0.0,1,0.0
1199,0,0,0.0,0,0.0
1200,0,0,0.0,1,0.0
1201,0,0,0.0,0,0.0
1202,0,0,0.0,1,0.0
1203,0,0,0.0,1,0.0
1204,0,0,0.0,0,0.0
1205,0,0,0.0,1,0.0
1206,0,0,0.0,0,0.0
1207,0,0,0.0,0,0.0
1208,0,0,0.0,1,0.0
1209,0,0,0.0,0,0.0
1210,0,0,0.0,1,0.0
1211,0,0,0.0,0,0.0
1212,0,0,0.0,1,0.0
1213,0,0,0.0,0,0.0
1214,0,0,0.0,0,0.0
1215,0,0,0.0,1,0.0
1216,0,0,0.0,0,0.0
1217,1,0,0.5,1,0.2
1218,1,0,0.5,0,0.4
1219,2,0,1.0,1,0.67
1220,2,0,1.0,0,1.0
1221,2,0,1.0,0,1.33
1222,3,0,1.5,0,1.83
1223,4,0,2.0,0,2.14
1224,5,0,2.5,0,2.86
1225,5,0,2.5,0,3.57
1226,6,0,3.0,0,4.43
1227,7,0,3.5,0,5.43
1228,7,0,3.5,0,6.43
1229,7,0,3.5,0,7.43
1230,7,0,3.5,0,8.43
1231,7,0,3.5,0,9.43
1232,7,0,3.5,0,10.43
1233,7,0,3.5,0,11.43
1234,7,0,3.5,0,12.43
1235,7,0,3.5,0,13.43
1236,7,0,3.5,0,14.43
1237,7,0,3.5,0,15.43
1238,7,0,3.5,0,16.43
1239,7,0,3.5,0,17.43
1240,7,0,3.5,0,18.43
1241,7,0,3.5,0,19.43
1242,7,0,3.5,0,20.43
1243,7,0,3.5,0,21.43
1244,7,0,3.5,0,22.43
1245,7,0,3.5,0,23.43
1246,7,0,3.5,0,24.43
1247,7,0,3.5,0,25.43
1248,7,0,3.5,0,26.43
1249,7,0,3.5,0,27.43
1250,7,0,3.5,0,28.43
1251,7,0,3.5,0,29.43
1252,7,0,3.5,0,30.43
1253,7,0,3.5,0,31.43
1254,7,0,3.5,0,32.43
1255,7,0,3.5,0,33.43
1256,7,0,3.5,0,34.43
1257,7,0,3.5,0,35.43
1258,7,0,3.5,0,36.43
1259,7,0,3.5,0,37.43
1260,7,0,3.5,0,38.43
1261,6,0,3.0,0,38.5
1262,5,0,2.5,0,32.17
1263,4,0,2.0,0,26.0
1264,3,0,1.5,0,23.6
1265,2,0,1.0,0,15.8
1266,1,0,0.5,0,10.0
1267,0,0,0.0,0,0.0
1268,0,0,0.0,0,0.0
1269,0,0,0.0,1,0.0
1270,0,0,0.0,0,0.0
1271,0,0,0.0,1,0.0
1272,0,0,0.0,0,0.0
1273,0,0,0.0,1,0.0
1274,0,0,0.0,0,0.0
1275,0,0,0.0,1,0.0
1276,0,0,0.0,1,0.0
1277,0,0,0.0,0,0.0
1278,0,0,0.0,1,0.0
1279,0,0,0.0,0,0.0
1280,0,0,0.0,1,0.0
1281,0,0,0.0,0,0.0
1282,0,0,0.0,1,0.0
1283,0,0,0.0,0,0.0
1284,0,0,0.0,1,0.0
1285,0,0,0.0,1,0.0
1286,0,0,0.0,0,0.0
1287,0,0,0.0,1,0.0
1288,0,0,0.0,0,0.0
1289,0,0,0.0,1,0.0
1290,0,0,0.0,0,0.0
1291,0,0,0.0,1,0.0
1292,0,0,0.0,0,0.0
1293,0,0,0.0,0,0.0
1294,0,0,0.0,1,0.0
1295,0,0,0.0,1,0.0
1296,0,0,0.0,0,0.0
1297,0,0,0.0,1,0.0
