Episode,Scenario,Avg_Reward,Avg_Wait,Avg_Queue,Throughput,Epsilon,Steps
1,s1_low_200.rou.xml,0.4233,132.21,5.86,0.1955,1.0000,1023
2,s1_low_200.rou.xml,0.5614,67.28,4.28,0.1972,0.9500,1014
3,s1_low_200.rou.xml,0.6171,44.00,3.39,0.1970,0.9025,1015
4,s1_low_200.rou.xml,0.4854,103.93,5.07,0.1936,0.8574,1033
5,s1_low_200.rou.xml,0.5197,88.11,4.72,0.1984,0.8145,1008
6,s1_low_200.rou.xml,0.5384,80.41,4.29,0.1949,0.7738,1026
7,s1_low_200.rou.xml,0.5860,56.76,3.76,0.1955,0.7351,1023
8,s1_low_200.rou.xml,0.6129,46.95,3.32,0.1986,0.6983,1007
9,s1_low_200.rou.xml,0.6103,45.69,3.50,0.1970,0.6634,1015
10,s1_low_200.rou.xml,0.5269,80.50,4.94,0.1978,0.6302,1011
11,s1_low_200.rou.xml,0.5490,75.06,4.31,0.1963,0.5987,1019
12,s1_low_200.rou.xml,0.5983,50.52,3.67,0.1944,0.5688,1029
13,s1_low_200.rou.xml,0.4352,124.62,5.92,0.1965,0.5404,1018
14,s1_low_200.rou.xml,0.5394,75.65,4.65,0.1972,0.5133,1014
15,s1_low_200.rou.xml,0.5090,92.36,4.86,0.1978,0.4877,1011
16,s1_low_200.rou.xml,0.5134,88.41,4.82,0.1894,0.4633,1056
17,s1_low_200.rou.xml,0.6063,55.35,3.18,0.1970,0.4401,1015
18,s1_low_200.rou.xml,0.6031,54.71,3.29,0.1986,0.4181,1007
19,s1_low_200.rou.xml,0.4353,130.33,5.40,0.1878,0.3972,1065
20,s1_low_200.rou.xml,0.5495,79.69,3.81,0.1974,0.3774,1013
21,s2_medium_600.rou.xml,0.3039,214.86,7.07,0.2908,0.3585,2063
22,s2_medium_600.rou.xml,0.2568,246.64,6.84,0.2914,0.3406,2059
23,s2_medium_600.rou.xml,0.2970,218.00,6.89,0.2917,0.3235,2057
24,s2_medium_600.rou.xml,0.3377,197.35,6.96,0.3143,0.3074,1909
25,s2_medium_600.rou.xml,0.2651,234.48,7.15,0.2867,0.2920,2093
26,s2_medium_600.rou.xml,0.2276,261.83,7.08,0.2930,0.2774,2048
27,s2_medium_600.rou.xml,0.2106,273.96,7.09,0.2935,0.2635,2044
28,s2_medium_600.rou.xml,0.2676,238.16,7.00,0.2984,0.2503,2011
29,s2_medium_600.rou.xml,0.2509,252.33,6.88,0.2931,0.2378,2047
30,s2_medium_600.rou.xml,0.2554,246.04,7.04,0.3002,0.2259,1999
31,s2_medium_600.rou.xml,0.1962,284.39,6.91,0.2867,0.2146,2093
32,s2_medium_600.rou.xml,0.2402,255.83,7.04,0.2957,0.2039,2029
33,s2_medium_600.rou.xml,0.1983,279.04,7.12,0.2840,0.1937,2113
34,s2_medium_600.rou.xml,0.5190,87.73,6.81,0.3425,0.1840,1752
35,s2_medium_600.rou.xml,0.5694,58.29,6.80,0.3604,0.1748,1665
36,s2_medium_600.rou.xml,0.5646,55.04,6.91,0.3462,0.1661,1733
37,s2_medium_600.rou.xml,0.5746,51.16,6.98,0.3621,0.1578,1657
38,s2_medium_600.rou.xml,0.5532,64.14,6.86,0.3458,0.1499,1735
39,s2_medium_600.rou.xml,0.5558,63.14,6.81,0.3507,0.1424,1711
40,s2_medium_600.rou.xml,0.5683,55.67,6.83,0.3454,0.1353,1737
41,s3_heavy_asym_1200.rou.xml,0.5642,56.98,6.96,0.3603,0.1285,3331
42,s3_heavy_asym_1200.rou.xml,0.5683,54.78,6.93,0.3586,0.1221,3346
43,s3_heavy_asym_1200.rou.xml,0.5797,51.87,6.85,0.3669,0.1160,3271
44,s3_heavy_asym_1200.rou.xml,0.5654,55.55,6.99,0.3553,0.1102,3377
45,s3_heavy_asym_1200.rou.xml,0.5592,60.94,7.02,0.3591,0.1047,3342
46,s3_heavy_asym_1200.rou.xml,0.5649,57.40,6.86,0.3536,0.0994,3394
47,s3_heavy_asym_1200.rou.xml,0.5736,51.31,6.99,0.3599,0.0945,3334
48,s3_heavy_asym_1200.rou.xml,0.5735,53.44,6.88,0.3591,0.0897,3342
49,s3_heavy_asym_1200.rou.xml,0.5744,52.92,6.89,0.3595,0.0853,3338
50,s3_heavy_asym_1200.rou.xml,0.5763,50.97,6.88,0.3601,0.0810,3332
51,s3_heavy_asym_1200.rou.xml,0.5712,54.12,6.95,0.3645,0.0769,3292
52,s3_heavy_asym_1200.rou.xml,0.5738,52.39,6.94,0.3596,0.0731,3337
53,s3_heavy_asym_1200.rou.xml,0.5713,54.24,6.83,0.3558,0.0694,3373
54,s3_heavy_asym_1200.rou.xml,0.5853,46.08,7.00,0.3720,0.0660,3226
55,s3_heavy_asym_1200.rou.xml,0.5748,54.40,6.86,0.3639,0.0627,3298
56,s3_heavy_asym_1200.rou.xml,0.5812,48.97,6.92,0.3641,0.0595,3296
57,s3_heavy_asym_1200.rou.xml,0.5837,46.76,6.98,0.3676,0.0566,3264
58,s3_heavy_asym_1200.rou.xml,0.5754,51.67,6.92,0.3611,0.0537,3323
59,s3_heavy_asym_1200.rou.xml,0.5879,46.40,6.87,0.3715,0.0510,3230
60,s3_heavy_asym_1200.rou.xml,0.5839,47.48,6.90,0.3661,0.0485,3278
61,s4_heavy_sym_1200.rou.xml,0.6622,22.05,3.44,0.2222,0.0461,5400
62,s4_heavy_sym_1200.rou.xml,0.6633,22.43,3.35,0.2240,0.0438,5358
63,s4_heavy_sym_1200.rou.xml,0.6623,23.13,3.49,0.2328,0.0416,5155
64,s4_heavy_sym_1200.rou.xml,0.6625,23.28,3.62,0.2441,0.0395,4916
65,s4_heavy_sym_1200.rou.xml,0.6641,22.14,3.49,0.2340,0.0375,5128
66,s4_heavy_sym_1200.rou.xml,0.6637,21.84,3.46,0.2283,0.0356,5256
67,s4_heavy_sym_1200.rou.xml,0.6653,21.81,3.39,0.2283,0.0339,5256
68,s4_heavy_sym_1200.rou.xml,0.6657,21.01,3.33,0.2210,0.0322,5429
69,s4_heavy_sym_1200.rou.xml,0.6656,21.81,3.42,0.2321,0.0306,5170
70,s4_heavy_sym_1200.rou.xml,0.6668,20.77,3.31,0.2226,0.0290,5392
71,s4_heavy_sym_1200.rou.xml,0.6592,25.29,3.48,0.2330,0.0276,5151
72,s4_heavy_sym_1200.rou.xml,0.6653,21.58,3.43,0.2297,0.0262,5224
73,s4_heavy_sym_1200.rou.xml,0.6597,25.45,3.44,0.2350,0.0249,5106
74,s4_heavy_sym_1200.rou.xml,0.6636,23.58,3.54,0.2432,0.0236,4934
75,s4_heavy_sym_1200.rou.xml,0.6617,23.32,3.50,0.2314,0.0225,5186
76,s4_heavy_sym_1200.rou.xml,0.6647,21.78,3.36,0.2233,0.0213,5374
77,s4_heavy_sym_1200.rou.xml,0.6616,22.67,3.50,0.2283,0.0203,5256
78,s4_heavy_sym_1200.rou.xml,0.6668,20.77,3.31,0.2226,0.0193,5392
79,s4_heavy_sym_1200.rou.xml,0.6612,24.24,3.47,0.2337,0.0183,5134
80,s4_heavy_sym_1200.rou.xml,0.6661,20.95,3.35,0.2235,0.0174,5368
81,s5_peak_1800.rou.xml,0.6014,43.98,6.72,0.3873,0.0165,4648
82,s5_peak_1800.rou.xml,0.6059,41.90,6.59,0.3807,0.0157,4728
83,s5_peak_1800.rou.xml,0.6041,42.92,6.60,0.3812,0.0149,4722
84,s5_peak_1800.rou.xml,0.5992,45.65,6.81,0.3975,0.0142,4528
85,s5_peak_1800.rou.xml,0.5951,47.30,6.84,0.3937,0.0135,4572
86,s5_peak_1800.rou.xml,0.6055,42.23,6.62,0.3869,0.0128,4652
87,s5_peak_1800.rou.xml,0.6041,43.25,6.66,0.3883,0.0121,4636
88,s5_peak_1800.rou.xml,0.6059,41.90,6.59,0.3807,0.0115,4728
89,s5_peak_1800.rou.xml,0.6071,41.47,6.55,0.3788,0.0110,4752
90,s5_peak_1800.rou.xml,0.6000,44.69,6.68,0.3865,0.0104,4657
91,s5_peak_1800.rou.xml,0.5981,45.67,6.85,0.3961,0.0100,4544
92,s5_peak_1800.rou.xml,0.6054,43.60,6.58,0.3888,0.0100,4630
93,s5_peak_1800.rou.xml,0.6059,41.90,6.59,0.3807,0.0100,4728
94,s5_peak_1800.rou.xml,0.6059,41.90,6.59,0.3807,0.0100,4728
95,s5_peak_1800.rou.xml,0.5965,46.30,6.84,0.3930,0.0100,4580
96,s5_peak_1800.rou.xml,0.5990,44.83,6.78,0.3882,0.0100,4637
97,s5_peak_1800.rou.xml,0.6046,44.02,6.58,0.3883,0.0100,4635
98,s5_peak_1800.rou.xml,0.6061,41.71,6.54,0.3763,0.0100,4784
99,s5_peak_1800.rou.xml,0.6044,42.56,6.69,0.3886,0.0100,4632
100,s5_peak_1800.rou.xml,0.5984,45.33,6.77,0.3885,0.0100,4633
